target,status,receptor_len,effector_len,combined_seq_len,cold_start_ra_eff,change_ra_eff,constrained_cold_start_ra_eff,constrained_rep_ra_eff,mpnn_sequence,row_type,cross_rank_by_composite,cross_rank_by_ra_eff,cross_tier,cross_composite_score,within_sequence_rank,passing_rows_in_sequence,n_tier_A_in_sequence,n_tier_B_in_sequence,n_tier_C_in_sequence,run_one_runtime_sec,source_passing_summary,corrected_receptor,designed_residues,native_residues,rep_rank_by_composite_score,rep_rank_by_ra_eff,rep_cycle,rep_pathway,rep_sequence_group,rep_design,rep_canonical_pdb,rep_canonical_seed_index,rep_canonical_seed_choice_warning,rep_n_seeds,rep_n_pass,rep_outcome,rep_total_mutations_median,rep_steered_mutations_chimerax,rep_steered_mutations_aa,rep_reverted_mutations_majority_chimerax,rep_reverted_mutations_majority_aa,rep_reverted_mutations_all_chimerax,rep_reverted_mutations_all_aa,rep_reverted_mutations_seeds_identical,rep_ra_eff_vs_truth_median,rep_independent_receptor_rmsd_median,rep_independent_effector_rmsd_median,rep_wrong_jaccard_median,rep_true_jaccard_median,rep_n_shared_true_median,rep_n_shared_wrong_median,rep_n_contact_residues_median,rep_contact_residues_majority,rep_mutated_contact_positions_majority,rep_iptm_median,rep_ptm_median,rep_actifptm_median,rep_complex_plddt_median,rep_avg_plddt_median,rep_ipae_median,rep_pae_mean_median,rep_pae_pass_frac_median,rep_ipsae_min_median,rep_ipsae_ab_15_median,rep_ipsae_ba_15_median,rep_ipsae_min_15_median,rep_interface_plddt_median,rep_weighted_jaccard_median,rep_intact_core_majority,rep_confidence_flag,rep_run_one_runtime_sec,rep_ra_eff
5A6W,representative,73,83,156,23.489,3.942,20.57,1.019,5A6W,steered,,,none,-0.6582,,0,0,0,0,6690,/hpc-home/jowillia/receptor_design/structure-negative-steering/experiments/benchmarking/5A6W/run/passing_summary.csv,,,,,,0,cycle_0,3,design_03,/hpc-home/jowillia/receptor_design/structure-negative-steering/experiments/benchmarking/5A6W/run/cycle_0/steered/design_03_s1/prediction.pdb,1,,3,0,no_reversion,3.0,,,,,,,,22.196,2.922,0.827,0.6154,0.4516,14.0,16.0,21.0,"5,7,19,22,23,26,27,31,32,33,34,35,36,37,38,39,40,41,45,47","22,23,32",0.1992,0.517,0.0,0.8587,85.87,20.29,12.69,0.0,0.0,0.0,0.0013,0.0,0.7986,0.0017,,multiple,,27.431
5ZNG,representative,79,62,141,1.882,0.008000000000000007,1.856,1.82,5ZNG,steered,1.0,1.0,A,0.9055,1.0,1,1,0,0,352,/hpc-home/jowillia/receptor_design/structure-negative-steering/experiments/benchmarking/5ZNG/run/passing_summary.csv,,,,1.0,1.0,0,cycle_0,0,initial,/hpc-home/jowillia/receptor_design/structure-negative-steering/experiments/benchmarking/5ZNG/run/cycle_0/initial_prediction_s2.pdb,2,,3,3,no_reversion,0.0,,,,,,,,1.89,0.504,0.8,1.0,1.0,15.0,15.0,15.0,"22,26,27,30,31,32,33,34,35,36,37,38,39,40,45",,0.659,0.8172,0.1856,0.9313,93.13,8.65,5.79,0.8242,0.1485,0.1485,0.1924,0.1485,0.9236,0.7031,,ok,352.0,1.89
6FU9,representative,79,87,166,4.728,-0.9259999999999997,4.616,4.06,6FU9,steered,1.0,1.0,B,0.6099,2.0,3,0,2,1,5827,/hpc-home/jowillia/receptor_design/structure-negative-steering/experiments/benchmarking/6FU9/run/passing_summary.csv,,,,2.0,2.0,0,cycle_0,3,design_03,/hpc-home/jowillia/receptor_design/structure-negative-steering/experiments/benchmarking/6FU9/run/cycle_0/steered/design_03_s1/prediction.pdb,1,,3,2,pose_holds,0.0,"/A:33,79",H33K D79R,,,,,,3.802,1.258,1.081,0.8214,0.8,24.0,23.0,24.0,"4,6,10,33,34,35,36,38,39,40,42,44,46,48,70,71,72,73,74,75,76,77,78,79","33,79",0.784,0.8529,0.4218,0.8855,88.55,6.21,4.78,0.9268,0.3778,0.3778,0.423,0.3778,0.901,0.5923,,ok,5827.0,3.802
6FUB,representative,81,93,174,9.054,6.1530000000000005,7.053,4.936,6FUB,steered,,,none,0.4203,,0,0,0,0,7110,/hpc-home/jowillia/receptor_design/structure-negative-steering/experiments/benchmarking/6FUB/run/passing_summary.csv,,,,,,0,cycle_0,5,design_05,/hpc-home/jowillia/receptor_design/structure-negative-steering/experiments/benchmarking/6FUB/run/cycle_0/steered/design_05_s1/prediction.pdb,1,,3,0,no_reversion,3.0,,,,,,,,7.15,2.787,4.748,0.88,0.7778,21.0,22.0,24.0,"6,8,12,35,36,37,38,40,41,42,43,46,48,50,72,73,74,75,76,77,78,79,80,81","48,81",0.6029,0.7264,0.1185,0.8074,80.74,11.71,8.75,0.3733,0.0868,0.1145,0.1424,0.1145,0.803,0.4452,,ok,,15.207
6FUD,representative,77,81,158,9.453,-8.54,1.772,1.59,6FUD,steered,1.0,1.0,B,0.74965,1.0,5,0,5,0,9139,/hpc-home/jowillia/receptor_design/structure-negative-steering/experiments/benchmarking/6FUD/run/passing_summary.csv,,,,1.0,1.0,0,cycle_0,2,design_02,/hpc-home/jowillia/receptor_design/structure-negative-steering/experiments/benchmarking/6FUD/run/cycle_0/steered/design_02_s1/prediction.pdb,1,,3,2,no_reversion,3.0,"/A:17,18,21",R17K T18E M21K,,,,,,1.161,0.926,0.469,0.6562,0.8077,21.0,21.0,23.0,"2,8,32,34,35,36,37,38,40,42,44,46,68,69,70,71,72,73,74,75,76",,0.268,0.531,0.0,0.879,87.9,18.4,12.99,0.0,0.0,0.0012,0.0076,0.0012,0.8717,0.6238,,multiple,9139.0,0.913
6G10,representative,76,83,159,23.881,-19.674500000000002,2.775,2.912,6G10,steered,1.0,1.0,B,0.3431,1.0,1,0,1,0,7248,/hpc-home/jowillia/receptor_design/structure-negative-steering/experiments/benchmarking/6G10/run/passing_summary.csv,,,,1.0,1.0,0,cycle_0,8,design_08,/hpc-home/jowillia/receptor_design/structure-negative-steering/experiments/benchmarking/6G10/run/cycle_0/steered/design_08_s0/prediction.pdb,0,,3,2,no_reversion,3.0,"/A:18,25,48",S18R A25D Y48D,,,,,,4.75,3.99,1.347,0.4324,0.5806,18.0,18.0,22.0,"4,6,8,10,32,33,34,35,36,37,38,40,42,44,45,46,60,70,71,72,73,74,75,76",,0.4939,0.6645,0.0796,0.8122,81.22,12.0,8.34,0.1921,0.0321,0.0913,0.0962,0.0913,0.7358,0.2987,,ok,7248.0,4.2065
6G11,representative,73,82,155,26.572,-23.833,2.163,2.163,6G11,steered,1.0,1.0,C,0.47595,1.0,1,0,0,1,8873,/hpc-home/jowillia/receptor_design/structure-negative-steering/experiments/benchmarking/6G11/run/passing_summary.csv,,,,1.0,1.0,0,cycle_0,15,design_15,/hpc-home/jowillia/receptor_design/structure-negative-steering/experiments/benchmarking/6G11/run/cycle_0/steered/design_15_s1/prediction.pdb,1,,3,1,pose_holds,4.0,"/A:14,17,18,21,29,44",S14K M17K A18E A21K V29R Y44R,"/A:14,17,18,21",S14K M17K A18E A21K,"/A:14,17,18,21",S14K M17K A18E A21K,,2.739,3.005,0.649,0.2683,0.6129,19.0,11.0,22.0,"2,3,7,28,29,31,32,33,34,35,38,40,42,44,61,62,64,65,66,67,68,69,70,71,72,73","29,44",0.2265,0.5089,0.0,0.8674,86.74,19.12,12.68,0.0,0.0,0.0012,0.0013,0.0012,0.8315,0.27,,multiple,8873.0,2.739
6Q76,representative,73,68,141,7.402,-3.7975,4.123,3.939,6Q76,steered,1.0,1.0,B,0.53545,1.0,1,0,1,0,1747,/hpc-home/jowillia/receptor_design/structure-negative-steering/experiments/benchmarking/6Q76/run/passing_summary.csv,,,,1.0,1.0,0,cycle_0,2,design_02,/hpc-home/jowillia/receptor_design/structure-negative-steering/experiments/benchmarking/6Q76/run/cycle_0/steered/design_02_s2/prediction.pdb,2,,3,2,pose_holds,0.0,/A:35,V35E,,,,,,4.291,1.17,3.626,0.8571,0.75,12.0,12.0,11.0,"17,20,21,24,25,29,30,31,32,33,34,35,39",35,0.883,0.8984,0.7163,0.8638,86.38,4.35,3.28,0.9618,0.6592,0.6592,0.7174,0.6592,0.8678,0.7038,,ok,1747.0,3.6045000000000003
6R8K,representative,77,83,160,33.314,-30.41,12.328,2.706,6R8K,steered,1.0,1.0,A,0.6324,1.0,4,3,1,0,7243,/hpc-home/jowillia/receptor_design/structure-negative-steering/experiments/benchmarking/6R8K/run/passing_summary.csv,,,,1.0,3.0,0,cycle_0,5,design_05,/hpc-home/jowillia/receptor_design/structure-negative-steering/experiments/benchmarking/6R8K/run/cycle_0/steered/design_05_s2/prediction.pdb,2,,3,3,pose_holds,5.0,"/A:17,18,21,25,26,31",R17K S18D M21K A25E S26K D31K,"/A:17,18,21,25,26",R17K S18D M21K A25E S26K,"/A:17,18,21,25,26",R17K S18D M21K A25E S26K,1.0,3.214,2.759,0.693,0.175,0.7931,23.0,7.0,25.0,"4,6,8,32,33,34,36,37,38,39,40,42,44,46,48,67,68,69,70,71,72,73,74,75,76",31,0.2289,0.5217,0.0,0.801,80.1,19.51,13.21,0.0,0.0,0.0011,0.0013,0.0011,0.7289,0.6002,,multiple,7243.0,2.904
6R8M,representative,78,82,160,35.983,-32.842,16.576,1.864,6R8M,steered,1.0,1.0,A,0.6688,2.0,6,2,4,0,6682,/hpc-home/jowillia/receptor_design/structure-negative-steering/experiments/benchmarking/6R8M/run/passing_summary.csv,,,,2.0,5.0,0,cycle_0,6,design_06,/hpc-home/jowillia/receptor_design/structure-negative-steering/experiments/benchmarking/6R8M/run/cycle_0/steered/design_06_s1/prediction.pdb,1,,3,3,no_reversion,6.0,"/A:20,22,23,26,27,59",K20R M22E A23E A26D S27D A59R,,,,,,3.29,3.967,0.406,0.1282,0.8333,25.0,5.0,26.0,"7,9,11,32,33,34,35,36,37,38,39,40,41,43,45,47,68,69,70,71,72,73,74,75,76,77,78",,0.2968,0.5234,0.0,0.781,78.1,18.2,12.63,0.0,0.0,0.0012,0.0127,0.0012,0.7441,0.593,,multiple,6682.0,3.141
7A8W,representative,74,79,153,33.082,-30.049,26.584,1.472,7A8W,steered,1.0,1.0,B,0.5841,1.0,1,0,1,0,6524,/hpc-home/jowillia/receptor_design/structure-negative-steering/experiments/benchmarking/7A8W/run/passing_summary.csv,,,,1.0,1.0,0,cycle_0,18,design_18,/hpc-home/jowillia/receptor_design/structure-negative-steering/experiments/benchmarking/7A8W/run/cycle_0/steered/design_18_s2/prediction.pdb,2,,3,2,no_reversion,6.0,"/A:13,15,16,19,20,23",N13R R15E S16R M19D A20R A23R,,,,,,3.132,3.897,1.178,0.1579,0.7407,20.0,6.0,22.0,"5,7,9,29,30,31,32,34,35,36,40,42,44,46,65,66,67,68,69,70,71,72",,0.1555,0.3457,0.0,0.6732,67.32,22.75,17.01,0.0,0.0,0.0,0.0,0.0,0.6278,0.3931,,multiple,6524.0,3.0330000000000004
7A8X,representative,74,80,154,26.815,-21.631,28.071,2.858,7A8X,steered,,,none,0.4305,,0,0,0,0,7236,/hpc-home/jowillia/receptor_design/structure-negative-steering/experiments/benchmarking/7A8X/run/passing_summary.csv,,,,,,0,cycle_0,14,design_14,/hpc-home/jowillia/receptor_design/structure-negative-steering/experiments/benchmarking/7A8X/run/cycle_0/steered/design_14_s0/prediction.pdb,0,,3,1,no_reversion,3.0,,,,,,,,5.184,3.054,1.327,0.5455,0.6897,20.0,17.0,23.0,"3,5,9,30,32,34,35,36,40,42,44,54,63,64,66,67,68,69,70,71,72,73,74",,0.2683,0.4852,0.0,0.7118,71.18,20.27,14.75,0.0,0.0,0.0013,0.0013,0.0013,0.6379,0.3608,,multiple,,5.184
7BNT,representative,75,84,159,21.445,-0.33300000000000196,17.192,1.029,7BNT,steered,,,none,-0.65635,,0,0,0,0,6683,/hpc-home/jowillia/receptor_design/structure-negative-steering/experiments/benchmarking/7BNT/run/passing_summary.csv,,,,,,0,cycle_0,18,design_18,/hpc-home/jowillia/receptor_design/structure-negative-steering/experiments/benchmarking/7BNT/run/cycle_0/steered/design_18_s2/prediction.pdb,2,,3,0,no_reversion,3.0,,,,,,,,22.461,1.68,1.045,0.913,0.4667,14.0,21.0,17.0,"7,20,21,24,25,28,34,35,36,37,38,39,40,41,43,47,49","20,25",0.3738,0.6141,0.0,0.8725,87.25,16.24,10.61,0.0,0.0,0.0192,0.0364,0.0192,0.8333,0.0204,,multiple,,21.112
7QPX,representative,73,81,154,37.708,-32.077999999999996,1.09,1.086,7QPX,steered,,,none,0.42835,,0,0,0,0,6363,/hpc-home/jowillia/receptor_design/structure-negative-steering/experiments/benchmarking/7QPX/run/passing_summary.csv,,,,,,0,cycle_0,17,design_17,/hpc-home/jowillia/receptor_design/structure-negative-steering/experiments/benchmarking/7QPX/run/cycle_0/steered/design_17_s1/prediction.pdb,1,,3,0,no_reversion,6.0,,,,,,,,5.719,3.268,1.299,0.0426,0.7143,20.0,2.0,22.0,"2,4,29,31,33,34,35,39,41,43,57,62,63,65,66,67,68,69,70,71,72,73",,0.2709,0.5486,0.0,0.8253,82.53,19.88,14.17,0.0,0.0,0.0012,0.0012,0.0012,0.7822,0.3402,,multiple,,5.630000000000001
7QZD,representative,76,82,158,30.954,-1.314,2.899,2.899,7QZD,steered,,,none,-0.06775,,0,0,0,0,6384,/hpc-home/jowillia/receptor_design/structure-negative-steering/experiments/benchmarking/7QZD/run/passing_summary.csv,,,,,,0,cycle_0,8,design_08,/hpc-home/jowillia/receptor_design/structure-negative-steering/experiments/benchmarking/7QZD/run/cycle_0/steered/design_08_s2/prediction.pdb,2,,3,0,no_reversion,6.0,,,,,,,,13.927,2.39,1.126,0.3415,0.6286,22.0,14.0,29.0,"2,4,6,16,19,23,26,27,28,29,30,31,32,33,34,35,36,37,39,41,43,45,69,71,72,73,74,75,76",16,0.8042,0.87,0.4122,0.7975,79.75,5.39,3.94,0.9689,0.367,0.367,0.4122,0.367,0.757,0.0437,,ok,,29.64
8B2R,representative,78,86,164,3.198,0.0,2.512,3.329,8B2R,steered,1.0,1.0,A,0.7492,1.0,1,1,0,0,257,/hpc-home/jowillia/receptor_design/structure-negative-steering/experiments/benchmarking/8B2R/run/passing_summary.csv,,,,1.0,1.0,0,cycle_0,0,initial,/hpc-home/jowillia/receptor_design/structure-negative-steering/experiments/benchmarking/8B2R/run/cycle_0/initial_prediction.pdb,0,,3,3,no_reversion,0.0,,,,,,,,3.198,1.34,1.766,1.0,0.9091,20.0,21.0,21.0,"3,4,6,34,36,38,39,40,44,46,48,69,70,71,72,73,74,75,76,77,78",,0.7979,0.8728,0.4102,0.9005,90.05,5.83,4.26,0.9256,0.3983,0.3983,0.4129,0.3983,0.89,0.6161,,ok,257.0,3.198
9IMU,representative,75,81,156,21.668,-20.061999999999998,1.998,1.589,9IMU,steered,1.0,1.0,B,0.7744,1.0,1,0,1,0,7454,/hpc-home/jowillia/receptor_design/structure-negative-steering/experiments/benchmarking/9IMU/run/passing_summary.csv,,,,1.0,1.0,0,cycle_0,2,design_02,/hpc-home/jowillia/receptor_design/structure-negative-steering/experiments/benchmarking/9IMU/run/cycle_0/steered/design_02_s2/prediction.pdb,2,,3,2,no_reversion,3.0,"/A:13,17,21",C13E R17E L21D,,,,,,1.784,1.483,0.567,0.4848,0.8636,19.0,16.0,18.0,"1,2,4,36,37,38,40,42,46,67,68,69,70,71,72,73,74,75",,0.2618,0.5655,0.0,0.8343,83.43,18.86,12.06,0.0,0.0,0.0,0.0033,0.0,0.7658,0.4803,,multiple,7454.0,1.6059999999999999
9IP6,representative,74,61,135,2.283,0.48,1.745,1.745,9IP6,steered,1.0,1.0,A,0.86185,1.0,1,1,0,0,255,/hpc-home/jowillia/receptor_design/structure-negative-steering/experiments/benchmarking/9IP6/run/passing_summary.csv,,,,1.0,1.0,0,cycle_0,0,initial,/hpc-home/jowillia/receptor_design/structure-negative-steering/experiments/benchmarking/9IP6/run/cycle_0/initial_prediction_s2.pdb,2,,3,3,no_reversion,0.0,,,,,,,,2.763,0.366,1.623,1.0,1.0,15.0,15.0,15.0,"17,21,22,25,26,27,28,29,30,31,32,33,34,35,40",,0.6367,0.8001,0.1434,0.9206,92.06,9.11,5.86,0.7233,0.1157,0.1167,0.1434,0.1167,0.9049,0.6233,,ok,255.0,2.763
