target,tier,status,receptor_len,effector_len,combined_seq_len,cold_start_ra_eff,rep_ra_eff,change_ra_eff,mpnn_sequence,row_type,cross_rank_by_composite,cross_rank_by_ra_eff,cross_tier,cross_composite_score,within_sequence_rank,passing_rows_in_sequence,n_tier_A_in_sequence,n_tier_B_in_sequence,n_tier_C_in_sequence,run_one_runtime_sec,source_passing_summary,corrected_receptor,designed_residues,native_residues,rep_rank_by_composite_score,rep_rank_by_ra_eff,rep_cycle,rep_pathway,rep_sequence_group,rep_design,rep_canonical_pdb,rep_canonical_seed_index,rep_canonical_seed_choice_warning,rep_n_seeds,rep_n_pass,rep_outcome,rep_total_mutations_median,rep_steered_mutations_chimerax,rep_steered_mutations_aa,rep_reverted_mutations_majority_chimerax,rep_reverted_mutations_majority_aa,rep_reverted_mutations_all_chimerax,rep_reverted_mutations_all_aa,rep_reverted_mutations_seeds_identical,rep_ra_eff_vs_truth_median,rep_independent_receptor_rmsd_median,rep_independent_effector_rmsd_median,rep_wrong_jaccard_median,rep_true_jaccard_median,rep_n_shared_true_median,rep_n_shared_wrong_median,rep_n_contact_residues_median,rep_contact_residues_majority,rep_mutated_contact_positions_majority,rep_iptm_median,rep_ptm_median,rep_actifptm_median,rep_complex_plddt_median,rep_avg_plddt_median,rep_ipae_median,rep_pae_mean_median,rep_pae_pass_frac_median,rep_ipsae_min_median,rep_ipsae_ab_15_median,rep_ipsae_ba_15_median,rep_ipsae_min_15_median,rep_interface_plddt_median,rep_weighted_jaccard_median,rep_intact_core_majority,rep_confidence_flag,rep_run_one_runtime_sec
5A6W,1,representative,73,83,156,23.489,22.196,-1.2929999999999993,5A6W,steered,,,none,-0.6582,,0,0,0,0,6690,/hpc-home/jowillia/receptor_design/structure-negative-steering/experiments/benchmarking/5A6W/run/passing_summary.csv,,,,,,0,cycle_0,3,design_03,/hpc-home/jowillia/receptor_design/structure-negative-steering/experiments/benchmarking/5A6W/run/cycle_0/steered/design_03_s1/prediction.pdb,1,,3,0,no_reversion,3.0,,,,,,,,22.196,2.922,0.827,0.6154,0.4516,14.0,16.0,21.0,"5,7,19,22,23,26,27,31,32,33,34,35,36,37,38,39,40,41,45,47","22,23,32",0.1992,0.517,0.0,0.8587,85.87,20.29,12.69,0.0,0.0,0.0,0.0013,0.0,0.7986,0.0017,,multiple,
5ZNG,1,representative,79,62,141,1.882,1.89,0.008000000000000007,5ZNG,steered,1.0,1.0,A,0.9055,1.0,1,1,0,0,352,/hpc-home/jowillia/receptor_design/structure-negative-steering/experiments/benchmarking/5ZNG/run/passing_summary.csv,,,,1.0,1.0,0,cycle_0,0,initial,/hpc-home/jowillia/receptor_design/structure-negative-steering/experiments/benchmarking/5ZNG/run/cycle_0/initial_prediction_s2.pdb,2,,3,3,no_reversion,0.0,,,,,,,,1.89,0.504,0.8,1.0,1.0,15.0,15.0,15.0,"22,26,27,30,31,32,33,34,35,36,37,38,39,40,45",,0.659,0.8172,0.1856,0.9313,93.13,8.65,5.79,0.8242,0.1485,0.1485,0.1924,0.1485,0.9236,0.7031,,ok,352.0
6FU9,1,representative,79,87,166,4.728,3.802,-0.9259999999999997,6FU9,steered,1.0,1.0,B,0.6099,2.0,3,0,2,1,5827,/hpc-home/jowillia/receptor_design/structure-negative-steering/experiments/benchmarking/6FU9/run/passing_summary.csv,,,,2.0,2.0,0,cycle_0,3,design_03,/hpc-home/jowillia/receptor_design/structure-negative-steering/experiments/benchmarking/6FU9/run/cycle_0/steered/design_03_s1/prediction.pdb,1,,3,2,pose_holds,0.0,"/A:33,79",H33K D79R,,,,,,3.802,1.258,1.081,0.8214,0.8,24.0,23.0,24.0,"4,6,10,33,34,35,36,38,39,40,42,44,46,48,70,71,72,73,74,75,76,77,78,79","33,79",0.784,0.8529,0.4218,0.8855,88.55,6.21,4.78,0.9268,0.3778,0.3778,0.423,0.3778,0.901,0.5923,,ok,5827.0
6FUB,1,representative,81,93,174,9.054,7.15,-1.904,6FUB,steered,,,none,0.4203,,0,0,0,0,7110,/hpc-home/jowillia/receptor_design/structure-negative-steering/experiments/benchmarking/6FUB/run/passing_summary.csv,,,,,,0,cycle_0,5,design_05,/hpc-home/jowillia/receptor_design/structure-negative-steering/experiments/benchmarking/6FUB/run/cycle_0/steered/design_05_s1/prediction.pdb,1,,3,0,no_reversion,3.0,,,,,,,,7.15,2.787,4.748,0.88,0.7778,21.0,22.0,24.0,"6,8,12,35,36,37,38,40,41,42,43,46,48,50,72,73,74,75,76,77,78,79,80,81","48,81",0.6029,0.7264,0.1185,0.8074,80.74,11.71,8.75,0.3733,0.0868,0.1145,0.1424,0.1145,0.803,0.4452,,ok,
6FUD,1,representative,77,81,158,9.453,1.161,-8.292,6FUD,steered,1.0,1.0,B,0.74965,1.0,5,0,5,0,9139,/hpc-home/jowillia/receptor_design/structure-negative-steering/experiments/benchmarking/6FUD/run/passing_summary.csv,,,,1.0,1.0,0,cycle_0,2,design_02,/hpc-home/jowillia/receptor_design/structure-negative-steering/experiments/benchmarking/6FUD/run/cycle_0/steered/design_02_s1/prediction.pdb,1,,3,2,no_reversion,3.0,"/A:17,18,21",R17K T18E M21K,,,,,,1.161,0.926,0.469,0.6562,0.8077,21.0,21.0,23.0,"2,8,32,34,35,36,37,38,40,42,44,46,68,69,70,71,72,73,74,75,76",,0.268,0.531,0.0,0.879,87.9,18.4,12.99,0.0,0.0,0.0012,0.0076,0.0012,0.8717,0.6238,,multiple,9139.0
6G10,1,representative,76,83,159,23.881,4.75,-19.131,6G10,steered,1.0,1.0,B,0.3431,1.0,1,0,1,0,7248,/hpc-home/jowillia/receptor_design/structure-negative-steering/experiments/benchmarking/6G10/run/passing_summary.csv,,,,1.0,1.0,0,cycle_0,8,design_08,/hpc-home/jowillia/receptor_design/structure-negative-steering/experiments/benchmarking/6G10/run/cycle_0/steered/design_08_s0/prediction.pdb,0,,3,2,no_reversion,3.0,"/A:18,25,48",S18R A25D Y48D,,,,,,4.75,3.99,1.347,0.4324,0.5806,18.0,18.0,22.0,"4,6,8,10,32,33,34,35,36,37,38,40,42,44,45,46,60,70,71,72,73,74,75,76",,0.4939,0.6645,0.0796,0.8122,81.22,12.0,8.34,0.1921,0.0321,0.0913,0.0962,0.0913,0.7358,0.2987,,ok,7248.0
6G11,1,representative,73,82,155,26.572,2.739,-23.833,6G11,steered,1.0,1.0,C,0.47595,1.0,1,0,0,1,8873,/hpc-home/jowillia/receptor_design/structure-negative-steering/experiments/benchmarking/6G11/run/passing_summary.csv,,,,1.0,1.0,0,cycle_0,15,design_15,/hpc-home/jowillia/receptor_design/structure-negative-steering/experiments/benchmarking/6G11/run/cycle_0/steered/design_15_s1/prediction.pdb,1,,3,1,pose_holds,4.0,"/A:14,17,18,21,29,44",S14K M17K A18E A21K V29R Y44R,"/A:14,17,18,21",S14K M17K A18E A21K,"/A:14,17,18,21",S14K M17K A18E A21K,,2.739,3.005,0.649,0.2683,0.6129,19.0,11.0,22.0,"2,3,7,28,29,31,32,33,34,35,38,40,42,44,61,62,64,65,66,67,68,69,70,71,72,73","29,44",0.2265,0.5089,0.0,0.8674,86.74,19.12,12.68,0.0,0.0,0.0012,0.0013,0.0012,0.8315,0.27,,multiple,8873.0
6Q76,1,representative,73,68,141,7.402,4.291,-3.1109999999999998,6Q76,steered,1.0,1.0,B,0.53545,1.0,1,0,1,0,1747,/hpc-home/jowillia/receptor_design/structure-negative-steering/experiments/benchmarking/6Q76/run/passing_summary.csv,,,,1.0,1.0,0,cycle_0,2,design_02,/hpc-home/jowillia/receptor_design/structure-negative-steering/experiments/benchmarking/6Q76/run/cycle_0/steered/design_02_s2/prediction.pdb,2,,3,2,pose_holds,0.0,/A:35,V35E,,,,,,4.291,1.17,3.626,0.8571,0.75,12.0,12.0,11.0,"17,20,21,24,25,29,30,31,32,33,34,35,39",35,0.883,0.8984,0.7163,0.8638,86.38,4.35,3.28,0.9618,0.6592,0.6592,0.7174,0.6592,0.8678,0.7038,,ok,1747.0
6R8K,1,representative,77,83,160,33.314,3.214,-30.1,6R8K,steered,1.0,1.0,A,0.6324,1.0,4,3,1,0,7243,/hpc-home/jowillia/receptor_design/structure-negative-steering/experiments/benchmarking/6R8K/run/passing_summary.csv,,,,1.0,3.0,0,cycle_0,5,design_05,/hpc-home/jowillia/receptor_design/structure-negative-steering/experiments/benchmarking/6R8K/run/cycle_0/steered/design_05_s2/prediction.pdb,2,,3,3,pose_holds,5.0,"/A:17,18,21,25,26,31",R17K S18D M21K A25E S26K D31K,"/A:17,18,21,25,26",R17K S18D M21K A25E S26K,"/A:17,18,21,25,26",R17K S18D M21K A25E S26K,1.0,3.214,2.759,0.693,0.175,0.7931,23.0,7.0,25.0,"4,6,8,32,33,34,36,37,38,39,40,42,44,46,48,67,68,69,70,71,72,73,74,75,76",31,0.2289,0.5217,0.0,0.801,80.1,19.51,13.21,0.0,0.0,0.0011,0.0013,0.0011,0.7289,0.6002,,multiple,7243.0
6R8M,1,representative,78,82,160,35.983,3.29,-32.693,6R8M,steered,1.0,1.0,A,0.6688,2.0,6,2,4,0,6682,/hpc-home/jowillia/receptor_design/structure-negative-steering/experiments/benchmarking/6R8M/run/passing_summary.csv,,,,2.0,5.0,0,cycle_0,6,design_06,/hpc-home/jowillia/receptor_design/structure-negative-steering/experiments/benchmarking/6R8M/run/cycle_0/steered/design_06_s1/prediction.pdb,1,,3,3,no_reversion,6.0,"/A:20,22,23,26,27,59",K20R M22E A23E A26D S27D A59R,,,,,,3.29,3.967,0.406,0.1282,0.8333,25.0,5.0,26.0,"7,9,11,32,33,34,35,36,37,38,39,40,41,43,45,47,68,69,70,71,72,73,74,75,76,77,78",,0.2968,0.5234,0.0,0.781,78.1,18.2,12.63,0.0,0.0,0.0012,0.0127,0.0012,0.7441,0.593,,multiple,6682.0
7A8W,1,representative,74,79,153,33.082,3.132,-29.95,7A8W,steered,1.0,1.0,B,0.5841,1.0,1,0,1,0,6524,/hpc-home/jowillia/receptor_design/structure-negative-steering/experiments/benchmarking/7A8W/run/passing_summary.csv,,,,1.0,1.0,0,cycle_0,18,design_18,/hpc-home/jowillia/receptor_design/structure-negative-steering/experiments/benchmarking/7A8W/run/cycle_0/steered/design_18_s2/prediction.pdb,2,,3,2,no_reversion,6.0,"/A:13,15,16,19,20,23",N13R R15E S16R M19D A20R A23R,,,,,,3.132,3.897,1.178,0.1579,0.7407,20.0,6.0,22.0,"5,7,9,29,30,31,32,34,35,36,40,42,44,46,65,66,67,68,69,70,71,72",,0.1555,0.3457,0.0,0.6732,67.32,22.75,17.01,0.0,0.0,0.0,0.0,0.0,0.6278,0.3931,,multiple,6524.0
7A8X,1,representative,74,80,154,26.815,5.184,-21.631,7A8X,steered,,,none,0.4305,,0,0,0,0,7236,/hpc-home/jowillia/receptor_design/structure-negative-steering/experiments/benchmarking/7A8X/run/passing_summary.csv,,,,,,0,cycle_0,14,design_14,/hpc-home/jowillia/receptor_design/structure-negative-steering/experiments/benchmarking/7A8X/run/cycle_0/steered/design_14_s0/prediction.pdb,0,,3,1,no_reversion,3.0,,,,,,,,5.184,3.054,1.327,0.5455,0.6897,20.0,17.0,23.0,"3,5,9,30,32,34,35,36,40,42,44,54,63,64,66,67,68,69,70,71,72,73,74",,0.2683,0.4852,0.0,0.7118,71.18,20.27,14.75,0.0,0.0,0.0013,0.0013,0.0013,0.6379,0.3608,,multiple,
7B1I,3,representative,74,81,155,4.813,4.885,0.07200000000000006,7B1I,steered,1.0,1.0,B,0.56345,1.0,1,0,1,0,6716,/hpc-home/jowillia/receptor_design/structure-negative-steering/experiments/benchmarking/7B1I/run/passing_summary.csv,,,,1.0,1.0,0,cycle_0,0,design_06,/hpc-home/jowillia/receptor_design/structure-negative-steering/experiments/benchmarking/7B1I/run/cycle_0/steered/design_06_s2/prediction.pdb,2,even_n=60_chose_worse_of_two_middle_seeds,60,34,no_reversion,0.0,,,,,,,,4.885,2.525,0.4525,0.9545,0.8077,21.0,21.0,21.0,"2,4,32,34,35,36,37,38,40,42,44,65,66,67,68,69,70,71,72,73,74",,0.4821,0.6868,0.0,0.9031,90.31,13.545,8.93,0.0626,0.0,0.0595,0.0726,0.0595,0.8892,0.4182,0.0,low_pass_frac,6716.0
7BNT,1,representative,75,84,159,21.445,22.461,1.0159999999999982,7BNT,steered,,,none,-0.65635,,0,0,0,0,6683,/hpc-home/jowillia/receptor_design/structure-negative-steering/experiments/benchmarking/7BNT/run/passing_summary.csv,,,,,,0,cycle_0,18,design_18,/hpc-home/jowillia/receptor_design/structure-negative-steering/experiments/benchmarking/7BNT/run/cycle_0/steered/design_18_s2/prediction.pdb,2,,3,0,no_reversion,3.0,,,,,,,,22.461,1.68,1.045,0.913,0.4667,14.0,21.0,17.0,"7,20,21,24,25,28,34,35,36,37,38,39,40,41,43,47,49","20,25",0.3738,0.6141,0.0,0.8725,87.25,16.24,10.61,0.0,0.0,0.0192,0.0364,0.0192,0.8333,0.0204,,multiple,
7CRB,2,representative,616,235,851,17.102,19.843,2.7409999999999997,7CRB,steered,,,none,-0.70005,,0,0,0,0,1362,/hpc-home/jowillia/receptor_design/structure-negative-steering/experiments/benchmarking/7CRB/run/passing_summary.csv,,,,,,0,cycle_0,14,design_14,/hpc-home/jowillia/receptor_design/structure-negative-steering/experiments/benchmarking/7CRB/run/cycle_0/steered/design_14_s0/prediction.pdb,0,,3,0,no_reversion,6.0,,,,,,,,19.843,7.022,11.682,0.4,0.2921,28.0,48.0,7.0,"175,316",,0.2615,0.5951,0.0,0.6786,67.86,26.54,19.89,0.0,0.0,0.0,0.0,0.0,0.5785,0.0,0.0,multiple,
7CRC,4,representative,1108,237,1345,37.394,28.431,-8.962999999999997,7CRC,steered,,,none,-1.26575,,0,0,0,0,22716,/hpc-home/jowillia/receptor_design/structure-negative-steering/experiments/benchmarking/7CRC/run/passing_summary.csv,,,,,,0,cycle_0,13,design_13,/hpc-home/jowillia/receptor_design/structure-negative-steering/experiments/benchmarking/7CRC/run/cycle_0/steered/design_13_s1/prediction.pdb,1,,3,0,no_reversion,6.0,,,,,,,,28.431,25.363,11.627,0.1716,0.1558,24.0,29.0,43.0,"528,578,598,600,601,624,646,670,734,758,759,763,785,787,1027,1030,1032,1035,1036",787,0.2191,0.433,0.0,0.5913,59.13,29.6,25.58,0.0,0.0,0.0,0.0,0.0,0.5007,0.0001,0.0,multiple,
7JLU,2,representative,726,353,1079,30.029,23.091,-6.937999999999999,7JLU,steered,,,none,-0.93425,,0,0,0,0,11699,/hpc-home/jowillia/receptor_design/structure-negative-steering/experiments/benchmarking/7JLU/run/passing_summary.csv,,,,,,0,cycle_0,15,design_15,/hpc-home/jowillia/receptor_design/structure-negative-steering/experiments/benchmarking/7JLU/run/cycle_0/steered/design_15_s0/prediction.pdb,0,,3,0,no_reversion,6.0,,,,,,,,23.091,14.497,16.984,0.3676,0.2203,25.0,50.0,27.0,"11,35,37,38,39,61,613,641,642,645,649,650,696,697",641,0.1845,0.4807,0.0,0.561,56.1,29.22,24.0,0.0,0.0,0.0,0.0,0.0,0.4026,0.0056,,multiple,
7NLJ,3,representative,78,91,169,32.339,25.197,-7.1419999999999995,7NLJ,steered,,,none,-0.74555,,0,0,0,0,6633,/hpc-home/jowillia/receptor_design/structure-negative-steering/experiments/benchmarking/7NLJ/run/passing_summary.csv,,,,,,0,cycle_0,12,design_12,/hpc-home/jowillia/receptor_design/structure-negative-steering/experiments/benchmarking/7NLJ/run/cycle_0/steered/design_12_s0/prediction.pdb,0,,3,0,no_reversion,3.0,,,,,,,,25.197,1.721,9.103,0.7407,0.5143,18.0,20.0,14.0,"3,5,22,32,33,34,35,36,37,38,39,45,47,75",,0.0974,0.4215,0.0,0.5408,54.08,24.96,18.06,0.0,0.0,0.0,0.0,0.0,0.5086,0.0,0.0,multiple,
7NMM,3,representative,78,91,169,37.761,26.104,-11.657000000000004,7NMM,steered,,,none,-1.0993,,0,0,0,0,6398,/hpc-home/jowillia/receptor_design/structure-negative-steering/experiments/benchmarking/7NMM/run/passing_summary.csv,,,,,,0,cycle_0,15,design_15,/hpc-home/jowillia/receptor_design/structure-negative-steering/experiments/benchmarking/7NMM/run/cycle_0/steered/design_15_s1/prediction.pdb,1,,3,0,no_reversion,6.0,,,,,,,,26.104,2.733,10.847,0.0,0.2059,7.0,0.0,9.0,"9,53,54,70,71,72",,0.1408,0.494,0.0,0.5432,54.32,22.76,16.3,0.0,0.0,0.0,0.0,0.0,0.4906,0.0,0.0,multiple,
7P8K,2,representative,64,62,126,4.19,4.646,0.4559999999999995,7P8K,steered,1.0,1.0,B,0.5677,1.0,1,0,1,0,1349,/hpc-home/jowillia/receptor_design/structure-negative-steering/experiments/benchmarking/7P8K/run/passing_summary.csv,,,,1.0,1.0,0,cycle_0,1,design_01,/hpc-home/jowillia/receptor_design/structure-negative-steering/experiments/benchmarking/7P8K/run/cycle_0/steered/design_01_s1/prediction.pdb,1,,3,2,no_reversion,1.0,/A:55,L55K,,,,,,4.646,4.059,0.929,0.8667,0.8,12.0,13.0,11.0,"9,10,11,12,13,23,25,29,30,37",,0.5943,0.7625,0.1346,0.7808,78.08,9.13,6.07,0.6991,0.1183,0.1297,0.14,0.1297,0.7811,0.5958,,ok,1349.0
7PP2,3,representative,442,27,469,22.727,22.028,-0.6990000000000016,7PP2,steered,,,none,-0.682,,0,0,0,0,10514,/hpc-home/jowillia/receptor_design/structure-negative-steering/experiments/benchmarking/7PP2/run/passing_summary.csv,,,,,,0,cycle_0,8,design_08,/hpc-home/jowillia/receptor_design/structure-negative-steering/experiments/benchmarking/7PP2/run/cycle_0/steered/design_08_s0/prediction.pdb,0,,3,0,no_reversion,6.0,,,,,,,,22.028,25.028,1.012,0.0769,0.4194,12.0,3.0,16.0,"180,181,182,184,239,243,246,248",,0.4612,0.5087,0.0,0.5165,51.65,22.59,18.26,0.0,0.0,0.0012,0.0059,0.0012,0.4618,0.0235,0.0,multiple,
7QPX,1,representative,73,81,154,37.708,5.719,-31.988999999999997,7QPX,steered,,,none,0.42835,,0,0,0,0,6363,/hpc-home/jowillia/receptor_design/structure-negative-steering/experiments/benchmarking/7QPX/run/passing_summary.csv,,,,,,0,cycle_0,17,design_17,/hpc-home/jowillia/receptor_design/structure-negative-steering/experiments/benchmarking/7QPX/run/cycle_0/steered/design_17_s1/prediction.pdb,1,,3,0,no_reversion,6.0,,,,,,,,5.719,3.268,1.299,0.0426,0.7143,20.0,2.0,22.0,"2,4,29,31,33,34,35,39,41,43,57,62,63,65,66,67,68,69,70,71,72,73",,0.2709,0.5486,0.0,0.8253,82.53,19.88,14.17,0.0,0.0,0.0012,0.0012,0.0012,0.7822,0.3402,,multiple,
7QZD,1,representative,76,82,158,30.954,13.927,-17.027,7QZD,steered,,,none,-0.06775,,0,0,0,0,6384,/hpc-home/jowillia/receptor_design/structure-negative-steering/experiments/benchmarking/7QZD/run/passing_summary.csv,,,,,,0,cycle_0,8,design_08,/hpc-home/jowillia/receptor_design/structure-negative-steering/experiments/benchmarking/7QZD/run/cycle_0/steered/design_08_s2/prediction.pdb,2,,3,0,no_reversion,6.0,,,,,,,,13.927,2.39,1.126,0.3415,0.6286,22.0,14.0,29.0,"2,4,6,16,19,23,26,27,28,29,30,31,32,33,34,35,36,37,39,41,43,45,69,71,72,73,74,75,76",16,0.8042,0.87,0.4122,0.7975,79.75,5.39,3.94,0.9689,0.367,0.367,0.4122,0.367,0.757,0.0437,,ok,
7XC2,4,representative,858,431,1289,46.722,35.657,-11.065000000000005,7XC2,steered,,,none,-1.56315,,0,0,0,0,27955,/hpc-home/jowillia/receptor_design/structure-negative-steering/experiments/benchmarking/7XC2/run/passing_summary.csv,,,,,,0,cycle_0,16,design_16,/hpc-home/jowillia/receptor_design/structure-negative-steering/experiments/benchmarking/7XC2/run/cycle_0/steered/design_16_s2/prediction.pdb,2,,3,0,no_reversion,6.0,,,,,,,,35.657,21.722,23.912,0.4518,0.2197,29.0,83.0,16.0,"637,639,690,717,743,745,750,773,775,777",690,0.1837,0.3778,0.0,0.5381,53.81,30.03,26.6,0.0,0.0,0.0,0.0,0.0,0.4605,0.0,0.0,multiple,
7XVG,2,representative,415,379,794,63.888,36.328,-27.559999999999995,7XVG,steered,,,none,-1.5942,,0,0,0,0,5212,/hpc-home/jowillia/receptor_design/structure-negative-steering/experiments/benchmarking/7XVG/run/passing_summary.csv,,,,,,0,cycle_0,17,design_17,/hpc-home/jowillia/receptor_design/structure-negative-steering/experiments/benchmarking/7XVG/run/cycle_0/steered/design_17_s1/prediction.pdb,1,,3,0,no_reversion,6.0,,,,,,,,36.328,10.097,24.838,0.0296,0.2222,24.0,5.0,12.0,"180,181,275,360",,0.1484,0.4457,0.0,0.5044,50.44,29.19,24.5,0.0,0.0,0.0,0.0,0.0,0.4505,0.0,,multiple,
7XX2,4,representative,827,393,1220,51.649,45.536,-6.1129999999999995,7XX2,steered,,,none,-2.133,,0,0,0,0,22085,/hpc-home/jowillia/receptor_design/structure-negative-steering/experiments/benchmarking/7XX2/run/passing_summary.csv,,,,,,0,cycle_0,18,design_18,/hpc-home/jowillia/receptor_design/structure-negative-steering/experiments/benchmarking/7XX2/run/cycle_0/steered/design_18_s0/prediction.pdb,0,,3,0,no_reversion,6.0,,,,,,,,45.536,30.338,24.741,0.2953,0.1438,21.0,75.0,5.0,,,0.1945,0.3624,0.0,0.5188,51.88,29.96,26.68,0.0,0.0,0.0,0.0,0.0,0.465,0.0,0.0,multiple,
8B2R,1,representative,78,86,164,3.198,3.198,0.0,8B2R,steered,1.0,1.0,A,0.7492,1.0,1,1,0,0,257,/hpc-home/jowillia/receptor_design/structure-negative-steering/experiments/benchmarking/8B2R/run/passing_summary.csv,,,,1.0,1.0,0,cycle_0,0,initial,/hpc-home/jowillia/receptor_design/structure-negative-steering/experiments/benchmarking/8B2R/run/cycle_0/initial_prediction.pdb,0,,3,3,no_reversion,0.0,,,,,,,,3.198,1.34,1.766,1.0,0.9091,20.0,21.0,21.0,"3,4,6,34,36,38,39,40,44,46,48,69,70,71,72,73,74,75,76,77,78",,0.7979,0.8728,0.4102,0.9005,90.05,5.83,4.26,0.9256,0.3983,0.3983,0.4129,0.3983,0.89,0.6161,,ok,257.0
8BV0,4,representative,342,206,548,51.157,42.443,-8.713999999999999,8BV0,steered,,,none,-2.04635,,0,0,0,0,12989,/hpc-home/jowillia/receptor_design/structure-negative-steering/experiments/benchmarking/8BV0/run/passing_summary.csv,,,,,,0,cycle_0,16,design_16,/hpc-home/jowillia/receptor_design/structure-negative-steering/experiments/benchmarking/8BV0/run/cycle_0/steered/design_16_s2/prediction.pdb,2,,3,0,no_reversion,6.0,,,,,,,,42.443,14.427,16.323,0.0769,0.0758,5.0,8.0,8.0,"266,267,268,269",,0.0968,0.3501,0.0,0.4224,42.24,29.72,24.99,0.0,0.0,0.0,0.0,0.0,0.3061,0.0,0.0,multiple,
8PFC,3,representative,66,97,163,37.052,29.98,-7.071999999999999,8PFC,steered,,,none,-1.1657,,0,0,0,0,6389,/hpc-home/jowillia/receptor_design/structure-negative-steering/experiments/benchmarking/8PFC/run/passing_summary.csv,,,,,,0,cycle_0,19,design_19,/hpc-home/jowillia/receptor_design/structure-negative-steering/experiments/benchmarking/8PFC/run/cycle_0/steered/design_19_s1/prediction.pdb,1,,3,0,no_reversion,6.0,,,,,,,,29.98,6.752,12.107,0.1429,0.3333,9.0,6.0,9.0,"17,18,20,21,44,45,46,47,66",,0.1067,0.2651,0.0,0.4644,46.44,24.01,18.95,0.0,0.0,0.0,0.0,0.0,0.4475,0.0024,0.0,multiple,
8PFD,3,representative,187,98,285,40.827,27.361,-13.465999999999998,8PFD,steered,,,none,-1.21915,,0,0,0,0,7728,/hpc-home/jowillia/receptor_design/structure-negative-steering/experiments/benchmarking/8PFD/run/passing_summary.csv,,,,,,0,cycle_0,5,design_05,/hpc-home/jowillia/receptor_design/structure-negative-steering/experiments/benchmarking/8PFD/run/cycle_0/steered/design_05_s1/prediction.pdb,1,,3,0,no_reversion,6.0,,,,,,,,27.361,6.342,12.533,0.1746,0.1489,7.0,11.0,0.0,,,0.1088,0.4052,0.0,0.4791,47.91,26.3,19.59,0.0,0.0,0.0,0.0,0.0,0.4023,0.0,0.0,multiple,
8PQ7,3,representative,288,76,364,43.369,30.456,-12.913,8PQ7,steered,,,none,-1.3924,,0,0,0,0,9262,/hpc-home/jowillia/receptor_design/structure-negative-steering/experiments/benchmarking/8PQ7/run/passing_summary.csv,,,,,,0,cycle_0,4,design_04,/hpc-home/jowillia/receptor_design/structure-negative-steering/experiments/benchmarking/8PQ7/run/cycle_0/steered/design_04_s0/prediction.pdb,0,,3,0,no_reversion,6.0,,,,,,,,30.456,5.931,12.205,0.0,0.1304,9.0,0.0,29.0,"113,115,118,119,120,123,140,141,144,145,148,186,188,189,190,192,193,196,197,207,210,213",,0.2241,0.5793,0.0,0.6845,68.45,23.85,15.6,0.0,0.0,0.0,0.0,0.0,0.5569,0.0,0.0,multiple,
8R7A,3,representative,75,112,187,31.931,27.5185,-4.412500000000001,8R7A,steered,,,none,-0.917625,,0,0,0,0,6464,/hpc-home/jowillia/receptor_design/structure-negative-steering/experiments/benchmarking/8R7A/run/passing_summary.csv,,,,,,0,cycle_0,0,design_18,/hpc-home/jowillia/receptor_design/structure-negative-steering/experiments/benchmarking/8R7A/run/cycle_0/steered/design_18_s1/prediction.pdb,1,even_n=60_chose_worse_of_two_middle_seeds,60,0,no_reversion,0.0,,,,,,,,27.5185,2.771,15.666,0.0225,0.4583,22.0,1.0,14.5,"22,34,35,36,37,40,42,44,73",,0.2831,0.5193,0.0,0.5447,54.465,19.075,14.785,0.0,0.0,0.0115,0.0012,0.0012,0.5081,0.0,0.0,multiple,
8R7D,3,representative,69,110,179,31.336,27.399,-3.9369999999999976,8R7D,steered,,,none,-1.07725,,0,0,0,0,6571,/hpc-home/jowillia/receptor_design/structure-negative-steering/experiments/benchmarking/8R7D/run/passing_summary.csv,,,,,,0,cycle_0,4,design_04,/hpc-home/jowillia/receptor_design/structure-negative-steering/experiments/benchmarking/8R7D/run/cycle_0/steered/design_04_s2/prediction.pdb,2,,3,0,no_reversion,3.0,,,,,,,,27.399,1.02,14.101,0.0345,0.2927,12.0,1.0,12.0,"18,19,22,33,34,35,36,37,38,39",,0.245,0.467,0.0,0.5894,58.94,21.81,16.45,0.0,0.0,0.0012,0.0,0.0,0.5734,0.0,0.0,multiple,
9IMU,1,representative,75,81,156,21.668,1.784,-19.884,9IMU,steered,1.0,1.0,B,0.7744,1.0,1,0,1,0,7454,/hpc-home/jowillia/receptor_design/structure-negative-steering/experiments/benchmarking/9IMU/run/passing_summary.csv,,,,1.0,1.0,0,cycle_0,2,design_02,/hpc-home/jowillia/receptor_design/structure-negative-steering/experiments/benchmarking/9IMU/run/cycle_0/steered/design_02_s2/prediction.pdb,2,,3,2,no_reversion,3.0,"/A:13,17,21",C13E R17E L21D,,,,,,1.784,1.483,0.567,0.4848,0.8636,19.0,16.0,18.0,"1,2,4,36,37,38,40,42,46,67,68,69,70,71,72,73,74,75",,0.2618,0.5655,0.0,0.8343,83.43,18.86,12.06,0.0,0.0,0.0,0.0033,0.0,0.7658,0.4803,,multiple,7454.0
9IP6,1,representative,74,61,135,2.283,2.763,0.48,9IP6,steered,1.0,1.0,A,0.86185,1.0,1,1,0,0,255,/hpc-home/jowillia/receptor_design/structure-negative-steering/experiments/benchmarking/9IP6/run/passing_summary.csv,,,,1.0,1.0,0,cycle_0,0,initial,/hpc-home/jowillia/receptor_design/structure-negative-steering/experiments/benchmarking/9IP6/run/cycle_0/initial_prediction_s2.pdb,2,,3,3,no_reversion,0.0,,,,,,,,2.763,0.366,1.623,1.0,1.0,15.0,15.0,15.0,"17,21,22,25,26,27,28,29,30,31,32,33,34,35,40",,0.6367,0.8001,0.1434,0.9206,92.06,9.11,5.86,0.7233,0.1157,0.1167,0.1434,0.1167,0.9049,0.6233,,ok,255.0
9QLV,4,representative,799,77,876,21.308,15.534,-5.773999999999999,9QLV,steered,,,none,-0.61,,0,0,0,0,10965,/hpc-home/jowillia/receptor_design/structure-negative-steering/experiments/benchmarking/9QLV/run/passing_summary.csv,,,,,,0,cycle_0,0,design_00,/hpc-home/jowillia/receptor_design/structure-negative-steering/experiments/benchmarking/9QLV/run/cycle_0/steered/design_00_s0/prediction.pdb,0,,3,0,no_reversion,6.0,,,,,,,,15.534,19.287,5.437,0.2143,0.1667,13.0,15.0,35.0,"282,306,307,350,352,372,374,376,378,379,380,381,403,405,425,427,448,451,469,471,495,497,516,518,520,539,562",471,0.2807,0.4734,0.0,0.6048,60.48,28.01,23.52,0.0,0.0,0.0,0.0,0.0,0.5342,0.0,0.0,multiple,
9QT4,4,representative,659,77,736,15.391,12.839,-2.5519999999999996,9QT4,steered,,,none,-0.39515,,0,0,0,0,8209,/hpc-home/jowillia/receptor_design/structure-negative-steering/experiments/benchmarking/9QT4/run/passing_summary.csv,,,,,,0,cycle_0,2,design_02,/hpc-home/jowillia/receptor_design/structure-negative-steering/experiments/benchmarking/9QT4/run/cycle_0/steered/design_02_s2/prediction.pdb,2,,3,0,no_reversion,6.0,,,,,,,,12.839,16.141,6.784,0.2143,0.2468,18.0,12.0,22.0,"380,381,399",,0.2815,0.5298,0.0,0.5975,59.75,27.31,21.91,0.0,0.0,0.0,0.0,0.0,0.5761,0.0,0.0,multiple,
9QU9,4,representative,971,74,1045,21.951,14.408,-7.543000000000001,9QU9,steered,,,none,-0.4799,,0,0,0,0,19583,/hpc-home/jowillia/receptor_design/structure-negative-steering/experiments/benchmarking/9QU9/run/passing_summary.csv,,,,,,0,cycle_0,9,design_09,/hpc-home/jowillia/receptor_design/structure-negative-steering/experiments/benchmarking/9QU9/run/cycle_0/steered/design_09_s2/prediction.pdb,2,,3,0,no_reversion,6.0,,,,,,,,14.408,23.399,2.668,0.094,0.2405,20.0,11.0,49.0,"359,363,459,549,552,623,646,667,669,670,688,690,692,693,711,734,891,892,893,926,927,928,930,931,932",,0.2136,0.4082,0.0,0.5592,55.92,29.68,25.79,0.0,0.0,0.0,0.0,0.0,0.5378,0.0084,0.0,multiple,
9QWW,4,representative,723,194,917,56.966,51.836,-5.130000000000003,9QWW,steered,,,none,-2.5918,,0,0,0,0,15706,/hpc-home/jowillia/receptor_design/structure-negative-steering/experiments/benchmarking/9QWW/run/passing_summary.csv,,,,,,0,cycle_0,15,design_15,/hpc-home/jowillia/receptor_design/structure-negative-steering/experiments/benchmarking/9QWW/run/cycle_0/steered/design_15_s1/prediction.pdb,1,,3,0,no_reversion,6.0,,,,,,,,51.836,19.266,17.647,0.3289,0.0,0.0,49.0,25.0,"56,268,272,273,277,558,560,586,587,588,610,612",,0.1836,0.4397,0.0,0.4974,49.74,29.43,25.38,0.0,0.0,0.0,0.0,0.0,0.4321,0.0,0.0,multiple,
9R8W,4,representative,974,78,1052,23.783,22.805,-0.9780000000000015,9R8W,steered,,,none,-0.98975,,0,0,0,0,19023,/hpc-home/jowillia/receptor_design/structure-negative-steering/experiments/benchmarking/9R8W/run/passing_summary.csv,,,,,,0,cycle_0,10,design_10,/hpc-home/jowillia/receptor_design/structure-negative-steering/experiments/benchmarking/9R8W/run/cycle_0/steered/design_10_s0/prediction.pdb,0,,3,0,no_reversion,6.0,,,,,,,,22.805,34.384,9.446,0.0543,0.1505,14.0,7.0,24.0,"15,145",,0.171,0.3987,0.0,0.5385,53.85,30.04,25.9,0.0,0.0,0.0,0.0,0.0,0.5207,0.0,0.0,multiple,
9RDC,3,representative,138,598,736,86.277,61.974,-24.303000000000004,9RDC,steered,,,none,-3.0335,,0,0,0,0,10589,/hpc-home/jowillia/receptor_design/structure-negative-steering/experiments/benchmarking/9RDC/run/passing_summary.csv,,,,,,0,cycle_0,3,design_03,/hpc-home/jowillia/receptor_design/structure-negative-steering/experiments/benchmarking/9RDC/run/cycle_0/steered/design_03_s1/prediction.pdb,1,,3,0,no_reversion,6.0,,,,,,,,61.974,3.624,4.133,0.0667,0.0652,3.0,4.0,0.0,,,0.2061,0.6234,0.0,0.8397,83.97,28.38,16.51,0.0,0.0,0.0,0.0,0.0,0.6225,0.0,0.0,multiple,
9RIA,4,representative,845,542,1387,73.292,65.883,-7.409000000000006,9RIA,steered,,,none,-3.27035,,0,0,0,0,8248,/hpc-home/jowillia/receptor_design/structure-negative-steering/experiments/benchmarking/9RIA/run/passing_summary.csv,,,,,,0,cycle_0,13,design_13,/hpc-home/jowillia/receptor_design/structure-negative-steering/experiments/benchmarking/9RIA/run/cycle_0/steered/design_13_s0/prediction.pdb,0,,3,0,no_reversion,6.0,,,,,,,,65.883,25.792,8.373,0.2624,0.0238,3.0,37.0,20.0,"496,570,571,595",496,0.238,0.4058,0.0,0.6668,66.68,28.91,24.85,0.0,0.0,0.0,0.0,0.0,0.6399,0.0,0.0,multiple,
9RSV,3,representative,71,65,136,6.655,7.38,0.7249999999999996,9RSV,steered,,,none,0.3957,,0,0,0,0,1493,/hpc-home/jowillia/receptor_design/structure-negative-steering/experiments/benchmarking/9RSV/run/passing_summary.csv,,,,,,0,cycle_0,2,design_02,/hpc-home/jowillia/receptor_design/structure-negative-steering/experiments/benchmarking/9RSV/run/cycle_0/steered/design_02_s1/prediction.pdb,1,,3,0,no_reversion,1.0,,,,,,,,7.38,2.451,0.493,0.7778,0.7647,13.0,14.0,12.0,"17,21,25,26,29,30,31,32,33,34,35,36,37",,0.7255,0.7973,0.2963,0.7767,77.67,7.57,5.47,0.808,0.2576,0.2576,0.3001,0.2576,0.7796,0.5626,0.0,ok,
