unit,design,seed_index,n_mutations,n_contaminating,contaminated,pose_passes,reversion_verdict,in_design_region,in_true_interface,outside_both,contaminating_positions
design_0_seq_0,design_01,0.0,6,3,True,True,pose_collapses,0,0,3,"5,9,32"
design_0_seq_0,design_00,0.0,6,3,True,False,nan,0,0,3,"7,9,15"
design_0_seq_0,design_00,2.0,6,2,True,False,nan,0,0,2,"9,15"
design_0_seq_0,design_02,2.0,6,3,True,False,nan,0,0,3,"5,7,9"
design_0_seq_0,design_01,1.0,6,1,True,False,nan,0,0,1,9
design_0_seq_0,design_01,2.0,6,2,True,False,nan,0,0,2,"9,18"
design_0_seq_0,design_02,0.0,6,2,True,False,nan,0,0,2,"9,32"
design_0_seq_0,design_00,1.0,6,0,False,False,nan,0,0,0,
design_0_seq_0,design_02,1.0,6,2,True,False,nan,0,0,2,"9,15"
design_0_seq_1,design_02,1.0,3,3,True,False,nan,0,0,3,"5,7,18"
design_0_seq_1,design_01,2.0,3,1,True,False,nan,0,0,1,7
design_0_seq_1,design_00,2.0,3,2,True,True,nan,0,0,2,"5,22"
design_0_seq_1,design_00,1.0,3,3,True,False,nan,0,0,3,"5,22,26"
design_0_seq_1,design_00,0.0,3,0,False,False,nan,0,0,0,
design_0_seq_1,design_01,0.0,3,0,False,False,nan,0,0,0,
design_0_seq_1,design_01,1.0,3,2,True,False,nan,0,0,2,"7,18"
design_0_seq_1,design_02,2.0,3,1,True,False,nan,0,0,1,7
design_0_seq_1,design_02,0.0,3,2,True,False,nan,0,0,2,"5,7"
design_10_seq_0,design_01,0.0,3,1,True,True,pose_collapses,0,0,1,32
design_10_seq_0,design_01,1.0,3,1,True,False,nan,0,0,1,32
design_10_seq_0,design_02,1.0,3,1,True,False,pose_collapses,0,0,1,5
design_10_seq_0,design_02,2.0,3,2,True,False,nan,0,0,2,"5,22"
design_10_seq_0,design_02,0.0,3,3,True,False,nan,0,0,3,"5,7,22"
design_10_seq_0,design_00,1.0,3,1,True,False,nan,0,0,1,32
design_10_seq_0,design_00,2.0,3,2,True,False,nan,0,0,2,"26,32"
design_10_seq_0,design_00,0.0,3,3,True,False,nan,0,0,3,"5,26,32"
design_10_seq_0,design_01,2.0,3,0,False,False,nan,0,0,0,
design_10_seq_1,design_00,1.0,3,1,True,True,pose_collapses,0,0,1,32
design_10_seq_1,design_00,2.0,3,1,True,True,pose_collapses,0,0,1,32
design_10_seq_1,design_01,2.0,3,1,True,True,pose_collapses,0,0,1,32
design_10_seq_1,design_00,0.0,3,1,True,True,pose_collapses,0,0,1,32
design_10_seq_1,design_01,1.0,3,1,True,True,pose_collapses,0,0,1,32
design_10_seq_1,design_02,1.0,3,3,True,False,nan,0,0,3,"7,26,32"
design_10_seq_1,design_02,0.0,3,2,True,False,nan,0,0,2,"7,26"
design_10_seq_1,design_02,2.0,3,2,True,False,nan,0,0,2,"7,26"
design_10_seq_1,design_01,0.0,3,0,False,False,nan,0,0,0,
design_11_seq_0,design_01,2.0,6,1,True,True,pose_holds,0,0,1,9
design_11_seq_0,design_01,0.0,6,1,True,True,pose_holds,0,0,1,9
design_11_seq_0,design_01,1.0,6,1,True,True,pose_holds,0,0,1,9
design_11_seq_0,design_00,2.0,6,1,True,True,pose_collapses,0,0,1,9
design_11_seq_0,design_00,1.0,6,1,True,True,pose_collapses,0,0,1,9
design_11_seq_0,design_00,0.0,6,1,True,True,pose_collapses,0,0,1,9
design_11_seq_0,design_02,2.0,6,3,True,False,nan,0,0,3,"12,15,18"
design_11_seq_0,design_02,1.0,6,1,True,False,nan,0,0,1,18
design_11_seq_0,design_02,0.0,6,0,False,False,nan,0,0,0,
design_11_seq_1,design_01,1.0,3,0,False,True,nan,0,0,0,
design_11_seq_1,design_02,2.0,3,0,False,True,nan,0,0,0,
design_11_seq_1,design_02,0.0,3,0,False,True,nan,0,0,0,
design_11_seq_1,design_02,1.0,3,2,True,False,nan,0,0,2,"0,7"
design_11_seq_1,design_01,0.0,3,2,True,False,nan,0,0,2,"0,9"
design_11_seq_1,design_01,2.0,3,0,False,False,nan,0,0,0,
design_11_seq_1,design_00,0.0,3,2,True,False,nan,0,0,2,"0,5"
design_11_seq_1,design_00,2.0,3,2,True,False,nan,0,0,2,"0,18"
design_11_seq_1,design_00,1.0,3,0,False,False,nan,0,0,0,
design_12_seq_0,design_02,1.0,6,2,True,False,nan,0,0,2,"5,9"
design_12_seq_0,design_02,0.0,6,2,True,False,nan,0,0,2,"7,9"
design_12_seq_0,design_01,0.0,6,3,True,False,nan,0,0,3,"5,7,9"
design_12_seq_0,design_00,0.0,6,1,True,False,nan,0,0,1,5
design_12_seq_0,design_01,2.0,6,1,True,False,nan,0,0,1,9
design_12_seq_0,design_02,2.0,6,0,False,False,nan,0,0,0,
design_12_seq_0,design_00,2.0,6,2,True,False,nan,0,0,2,"19,23"
design_12_seq_0,design_00,1.0,6,2,True,False,nan,0,0,2,"19,23"
design_12_seq_0,design_01,1.0,6,0,False,False,nan,0,0,0,
design_12_seq_1,design_00,1.0,6,3,True,False,nan,0,0,3,"23,27,69"
design_12_seq_1,design_00,2.0,6,2,True,False,nan,0,0,2,"19,69"
design_12_seq_1,design_00,0.0,6,4,True,False,nan,0,0,4,"19,23,27,69"
design_12_seq_1,design_01,0.0,6,3,True,False,nan,0,0,3,"19,20,23"
design_12_seq_1,design_01,1.0,6,3,True,False,nan,0,0,3,"19,20,23"
design_12_seq_1,design_01,2.0,6,3,True,False,nan,0,0,3,"19,20,23"
design_12_seq_1,design_02,0.0,6,2,True,False,nan,0,0,2,"20,69"
design_12_seq_1,design_02,1.0,6,2,True,False,nan,0,0,2,"20,69"
design_12_seq_1,design_02,2.0,6,1,True,False,nan,0,0,1,69
design_13_seq_0,design_01,2.0,3,1,True,False,pose_holds,0,0,1,9
design_13_seq_0,design_01,1.0,3,2,True,True,pose_collapses,0,0,2,"9,32"
design_13_seq_0,design_01,0.0,3,2,True,True,pose_collapses,0,0,2,"9,32"
design_13_seq_0,design_02,1.0,3,1,True,False,nan,0,0,1,5
design_13_seq_0,design_00,2.0,3,3,True,False,nan,0,0,3,"5,9,47"
design_13_seq_0,design_00,0.0,3,1,True,False,nan,0,0,1,9
design_13_seq_0,design_00,1.0,3,2,True,False,nan,0,0,2,"5,9"
design_13_seq_0,design_02,2.0,3,2,True,False,nan,0,0,2,"5,9"
design_13_seq_0,design_02,0.0,3,1,True,False,nan,0,0,1,9
design_13_seq_1,design_00,2.0,6,2,True,False,nan,0,0,2,"7,9"
design_13_seq_1,design_02,2.0,6,4,True,False,nan,0,0,4,"9,18,22,32"
design_13_seq_1,design_00,1.0,6,4,True,False,nan,0,0,4,"7,9,18,32"
design_13_seq_1,design_01,2.0,6,3,True,False,nan,0,0,3,"5,7,22"
design_13_seq_1,design_02,1.0,6,2,True,False,nan,0,0,2,"7,9"
design_13_seq_1,design_01,0.0,6,4,True,False,nan,0,0,4,"5,7,9,22"
design_13_seq_1,design_00,0.0,6,1,True,False,nan,0,0,1,9
design_13_seq_1,design_02,0.0,6,4,True,False,nan,0,0,4,"9,18,22,32"
design_13_seq_1,design_01,1.0,6,3,True,False,nan,0,0,3,"5,7,22"
design_14_seq_0,design_02,0.0,3,1,True,True,pose_holds,0,0,1,22
design_14_seq_0,design_02,2.0,3,1,True,True,pose_holds,0,0,1,22
design_14_seq_0,design_02,1.0,3,3,True,True,nan,0,0,3,"5,7,22"
design_14_seq_0,design_01,2.0,3,1,True,True,pose_collapses,0,0,1,32
design_14_seq_0,design_00,0.0,3,2,True,True,pose_collapses,0,0,2,"5,32"
design_14_seq_0,design_00,2.0,3,2,True,True,pose_collapses,0,0,2,"5,32"
design_14_seq_0,design_00,1.0,3,2,True,True,pose_collapses,0,0,2,"5,32"
design_14_seq_0,design_01,1.0,3,2,True,True,pose_collapses,0,0,2,"22,32"
design_14_seq_0,design_01,0.0,3,2,True,True,pose_collapses,0,0,2,"22,32"
design_14_seq_1,design_01,2.0,3,1,True,True,pose_collapses,0,0,1,32
design_14_seq_1,design_00,2.0,3,2,True,True,pose_collapses,0,0,2,"5,32"
design_14_seq_1,design_01,1.0,3,1,True,True,pose_collapses,0,0,1,32
design_14_seq_1,design_00,1.0,3,2,True,True,pose_collapses,0,0,2,"5,32"
design_14_seq_1,design_01,0.0,3,1,True,True,pose_collapses,0,0,1,32
design_14_seq_1,design_00,0.0,3,2,True,True,pose_collapses,0,0,2,"5,32"
design_14_seq_1,design_02,1.0,3,2,True,False,nan,0,0,2,"5,7"
design_14_seq_1,design_02,0.0,3,2,True,False,nan,0,0,2,"5,7"
design_14_seq_1,design_02,2.0,3,2,True,False,nan,0,0,2,"5,7"
design_15_seq_0,design_00,1.0,3,2,True,False,nan,0,0,2,"5,70"
design_15_seq_0,design_00,2.0,3,2,True,False,nan,0,0,2,"5,70"
design_15_seq_0,design_01,0.0,3,2,True,False,nan,0,0,2,"9,64"
design_15_seq_0,design_01,2.0,3,3,True,False,nan,0,0,3,"9,64,70"
design_15_seq_0,design_01,1.0,3,3,True,False,nan,0,0,3,"9,64,70"
design_15_seq_0,design_02,2.0,3,2,True,False,nan,0,0,2,"7,9"
design_15_seq_0,design_02,1.0,3,2,True,False,nan,0,0,2,"7,9"
design_15_seq_0,design_00,0.0,3,0,False,False,nan,0,0,0,
design_15_seq_0,design_02,0.0,3,1,True,False,nan,0,0,1,7
design_16_seq_0,design_00,2.0,3,2,True,False,nan,0,0,2,"5,26"
design_16_seq_0,design_00,0.0,3,2,True,False,nan,0,0,2,"5,26"
design_16_seq_0,design_00,1.0,3,2,True,False,nan,0,0,2,"5,26"
design_16_seq_0,design_02,2.0,3,2,True,False,nan,0,0,2,"7,9"
design_16_seq_0,design_02,0.0,3,1,True,False,nan,0,0,1,9
design_16_seq_0,design_01,2.0,3,1,True,False,nan,0,0,1,9
design_16_seq_0,design_01,0.0,3,1,True,False,nan,0,0,1,9
design_16_seq_0,design_01,1.0,3,1,True,False,nan,0,0,1,9
design_16_seq_0,design_02,1.0,3,1,True,False,nan,0,0,1,9
design_16_seq_1,design_00,1.0,3,0,False,True,nan,0,0,0,
design_16_seq_1,design_00,2.0,3,0,False,True,pose_collapses,0,0,0,
design_16_seq_1,design_00,0.0,3,0,False,False,nan,0,0,0,
design_16_seq_1,design_01,0.0,3,3,True,False,nan,0,0,3,"7,22,32"
design_16_seq_1,design_01,2.0,3,3,True,False,nan,0,0,3,"7,22,32"
design_16_seq_1,design_02,2.0,3,2,True,False,nan,0,0,2,"5,32"
design_16_seq_1,design_02,0.0,3,2,True,False,nan,0,0,2,"5,26"
design_16_seq_1,design_02,1.0,3,3,True,False,nan,0,0,3,"5,26,32"
design_16_seq_1,design_01,1.0,3,0,False,False,nan,0,0,0,
design_17_seq_1,design_01,0.0,3,2,True,True,pose_collapses,0,0,2,"5,32"
design_17_seq_1,design_01,1.0,3,3,True,False,nan,0,0,3,"5,32,69"
design_17_seq_1,design_01,2.0,3,2,True,False,nan,0,0,2,"32,69"
design_17_seq_1,design_00,1.0,3,2,True,False,nan,0,0,2,"32,69"
design_17_seq_1,design_02,1.0,3,0,False,False,nan,0,0,0,
design_17_seq_1,design_00,0.0,3,2,True,False,nan,0,0,2,"32,69"
design_17_seq_1,design_02,2.0,3,2,True,False,nan,0,0,2,"32,69"
design_17_seq_1,design_02,0.0,3,0,False,False,nan,0,0,0,
design_17_seq_1,design_00,2.0,3,1,True,False,nan,0,0,1,69
design_18_seq_0,design_02,0.0,6,0,False,True,nan,0,0,0,
design_18_seq_0,design_00,2.0,6,1,True,True,pose_holds,0,0,1,32
design_18_seq_0,design_00,1.0,6,1,True,True,pose_holds,0,0,1,32
design_18_seq_0,design_00,0.0,6,1,True,True,pose_holds,0,0,1,32
design_18_seq_0,design_02,2.0,6,2,True,False,nan,0,0,2,"22,26"
design_18_seq_0,design_02,1.0,6,2,True,False,nan,0,0,2,"22,26"
design_18_seq_0,design_01,0.0,6,1,True,False,nan,0,0,1,32
design_18_seq_0,design_01,1.0,6,1,True,False,nan,0,0,1,32
design_18_seq_0,design_01,2.0,6,2,True,False,nan,0,0,2,"18,32"
design_18_seq_1,design_01,1.0,6,2,True,True,pose_collapses,0,0,2,"9,32"
design_18_seq_1,design_01,2.0,6,1,True,True,pose_collapses,0,0,1,32
design_18_seq_1,design_01,0.0,6,4,True,False,nan,0,0,4,"7,9,22,32"
design_18_seq_1,design_00,0.0,6,3,True,True,nan,0,0,3,"7,9,32"
design_18_seq_1,design_02,0.0,6,4,True,False,nan,0,0,4,"5,7,9,32"
design_18_seq_1,design_00,1.0,6,3,True,False,nan,0,0,3,"5,7,9"
design_18_seq_1,design_00,2.0,6,3,True,False,nan,0,0,3,"5,7,32"
design_18_seq_1,design_02,1.0,6,3,True,False,nan,0,0,3,"7,9,32"
design_18_seq_1,design_02,2.0,6,4,True,False,nan,0,0,4,"5,7,9,32"
design_19_seq_0,design_00,1.0,6,4,True,False,nan,0,0,4,"7,9,22,32"
design_19_seq_0,design_00,2.0,6,4,True,False,nan,0,0,4,"5,7,9,32"
design_19_seq_0,design_01,1.0,6,5,True,False,nan,0,0,5,"7,9,22,26,32"
design_19_seq_0,design_00,0.0,6,5,True,False,nan,0,0,5,"5,7,9,22,32"
design_19_seq_0,design_01,2.0,6,5,True,False,nan,0,0,5,"7,9,22,26,32"
design_19_seq_0,design_01,0.0,6,6,True,False,nan,0,0,6,"5,7,9,22,26,32"
design_19_seq_0,design_02,2.0,6,4,True,False,nan,0,0,4,"5,7,22,32"
design_19_seq_0,design_02,0.0,6,1,True,False,nan,0,0,1,32
design_19_seq_0,design_02,1.0,6,3,True,False,nan,0,0,3,"5,22,32"
design_19_seq_1,design_01,1.0,6,3,True,False,nan,0,0,3,"5,7,32"
design_19_seq_1,design_01,0.0,6,5,True,False,nan,0,0,5,"2,5,7,22,32"
design_19_seq_1,design_00,2.0,6,5,True,False,nan,0,0,5,"2,5,7,9,32"
design_19_seq_1,design_00,0.0,6,1,True,False,nan,0,0,1,9
design_19_seq_1,design_02,1.0,6,3,True,False,nan,0,0,3,"2,7,9"
design_19_seq_1,design_02,0.0,6,2,True,False,nan,0,0,2,"7,9"
design_19_seq_1,design_01,2.0,6,0,False,False,nan,0,0,0,
design_19_seq_1,design_02,2.0,6,0,False,False,nan,0,0,0,
design_19_seq_1,design_00,1.0,6,0,False,False,nan,0,0,0,
design_1_seq_0,design_00,2.0,6,4,True,False,nan,0,0,4,"5,9,22,32"
design_1_seq_0,design_01,1.0,6,5,True,False,nan,0,0,5,"5,7,9,22,32"
design_1_seq_0,design_00,0.0,6,6,True,False,nan,0,0,6,"5,9,19,22,26,32"
design_1_seq_0,design_01,2.0,6,4,True,False,nan,0,0,4,"5,22,27,32"
design_1_seq_0,design_01,0.0,6,3,True,False,nan,0,0,3,"22,27,32"
design_1_seq_0,design_02,2.0,6,1,True,False,nan,0,0,1,9
design_1_seq_0,design_02,1.0,6,1,True,False,nan,0,0,1,9
design_1_seq_0,design_02,0.0,6,0,False,False,nan,0,0,0,
design_1_seq_0,design_00,1.0,6,4,True,False,nan,0,0,4,"5,9,22,26"
design_1_seq_1,design_02,1.0,6,2,True,False,nan,0,0,2,"9,53"
design_1_seq_1,design_02,0.0,6,3,True,False,nan,0,0,3,"9,22,53"
design_1_seq_1,design_02,2.0,6,2,True,False,nan,0,0,2,"22,53"
design_1_seq_1,design_01,2.0,6,2,True,False,nan,0,0,2,"5,22"
design_1_seq_1,design_00,2.0,6,2,True,False,nan,0,0,2,"5,9"
design_1_seq_1,design_00,1.0,6,0,False,False,nan,0,0,0,
design_1_seq_1,design_01,1.0,6,1,True,False,nan,0,0,1,22
design_1_seq_1,design_00,0.0,6,2,True,False,nan,0,0,2,"5,9"
design_1_seq_1,design_01,0.0,6,0,False,False,nan,0,0,0,
design_20_seq_0,design_02,2.0,4,2,True,True,nan,0,0,2,"9,32"
design_20_seq_0,design_01,2.0,4,2,True,True,nan,0,0,2,"9,32"
design_20_seq_0,design_01,0.0,4,2,True,True,nan,0,0,2,"9,32"
design_20_seq_0,design_01,1.0,4,0,False,False,nan,0,0,0,
design_20_seq_0,design_00,1.0,4,1,True,False,nan,0,0,1,9
design_20_seq_0,design_00,0.0,4,2,True,False,nan,0,0,2,"9,32"
design_20_seq_0,design_00,2.0,4,0,False,False,nan,0,0,0,
design_20_seq_0,design_02,1.0,4,1,True,False,nan,0,0,1,9
design_20_seq_0,design_02,0.0,4,0,False,False,nan,0,0,0,
design_20_seq_1,design_02,0.0,3,2,True,False,nan,0,0,2,"9,22"
design_20_seq_1,design_00,0.0,3,3,True,False,nan,0,0,3,"9,22,26"
design_20_seq_1,design_02,2.0,3,2,True,False,nan,0,0,2,"9,22"
design_20_seq_1,design_00,2.0,3,2,True,False,nan,0,0,2,"9,22"
design_20_seq_1,design_01,1.0,3,2,True,False,nan,0,0,2,"9,22"
design_20_seq_1,design_02,1.0,3,3,True,False,nan,0,0,3,"9,22,26"
design_20_seq_1,design_01,0.0,3,2,True,False,nan,0,0,2,"9,22"
design_20_seq_1,design_01,2.0,3,2,True,False,nan,0,0,2,"9,22"
design_20_seq_1,design_00,1.0,3,2,True,False,nan,0,0,2,"9,22"
design_21_seq_0,design_02,0.0,2,2,True,False,nan,0,0,2,"5,74"
design_21_seq_0,design_01,1.0,2,1,True,False,nan,0,0,1,5
design_21_seq_0,design_01,2.0,2,1,True,False,nan,0,0,1,5
design_21_seq_0,design_00,0.0,2,0,False,False,nan,0,0,0,
design_21_seq_0,design_00,2.0,2,0,False,False,nan,0,0,0,
design_21_seq_0,design_00,1.0,2,0,False,False,nan,0,0,0,
design_21_seq_0,design_02,1.0,2,0,False,False,nan,0,0,0,
design_21_seq_0,design_01,0.0,2,0,False,False,nan,0,0,0,
design_21_seq_0,design_02,2.0,2,0,False,False,nan,0,0,0,
design_21_seq_1,design_00,1.0,6,1,True,True,pose_holds,0,0,1,5
design_21_seq_1,design_02,1.0,6,2,True,False,pose_holds,0,0,2,"5,32"
design_21_seq_1,design_00,2.0,6,1,True,True,pose_collapses,0,0,1,5
design_21_seq_1,design_01,0.0,6,1,True,True,nan,0,0,1,5
design_21_seq_1,design_01,1.0,6,1,True,True,nan,0,0,1,5
design_21_seq_1,design_01,2.0,6,1,True,False,nan,0,0,1,5
design_21_seq_1,design_00,0.0,6,0,False,False,nan,0,0,0,
design_21_seq_1,design_02,0.0,6,2,True,False,nan,0,0,2,"5,32"
design_21_seq_1,design_02,2.0,6,5,True,False,nan,0,0,5,"5,22,26,27,32"
design_22_seq_0,design_02,0.0,5,2,True,True,pose_collapses,0,0,2,"7,32"
design_22_seq_0,design_02,2.0,5,2,True,False,pose_collapses,0,0,2,"7,32"
design_22_seq_0,design_00,1.0,5,5,True,False,nan,0,0,5,"5,7,22,26,32"
design_22_seq_0,design_02,1.0,5,4,True,False,nan,0,0,4,"5,7,26,32"
design_22_seq_0,design_00,2.0,5,5,True,False,nan,0,0,5,"5,7,22,26,32"
design_22_seq_0,design_00,0.0,5,5,True,False,nan,0,0,5,"5,7,22,26,32"
design_22_seq_0,design_01,2.0,5,5,True,False,nan,0,0,5,"5,7,22,26,32"
design_22_seq_0,design_01,1.0,5,5,True,False,nan,0,0,5,"5,7,22,26,32"
design_22_seq_0,design_01,0.0,5,4,True,False,nan,0,0,4,"5,22,26,32"
design_22_seq_1,design_00,2.0,3,1,True,True,pose_collapses,0,0,1,32
design_22_seq_1,design_01,0.0,3,3,True,False,pose_collapses,0,0,3,"9,26,32"
design_22_seq_1,design_01,1.0,3,3,True,False,nan,0,0,3,"9,26,32"
design_22_seq_1,design_01,2.0,3,3,True,False,nan,0,0,3,"9,26,32"
design_22_seq_1,design_02,2.0,3,3,True,False,nan,0,0,3,"7,9,26"
design_22_seq_1,design_02,1.0,3,3,True,False,nan,0,0,3,"7,9,26"
design_22_seq_1,design_02,0.0,3,3,True,False,nan,0,0,3,"7,9,26"
design_22_seq_1,design_00,0.0,3,1,True,False,nan,0,0,1,7
design_22_seq_1,design_00,1.0,3,2,True,False,nan,0,0,2,"7,32"
design_23_seq_0,design_01,2.0,3,1,True,True,pose_collapses,0,0,1,32
design_23_seq_0,design_01,1.0,3,1,True,False,nan,0,0,1,32
design_23_seq_0,design_01,0.0,3,2,True,False,nan,0,0,2,"22,32"
design_23_seq_0,design_02,1.0,3,3,True,False,nan,0,0,3,"5,7,22"
design_23_seq_0,design_02,0.0,3,3,True,False,nan,0,0,3,"5,7,22"
design_23_seq_0,design_02,2.0,3,3,True,False,nan,0,0,3,"5,7,22"
design_23_seq_0,design_00,1.0,3,3,True,False,nan,0,0,3,"5,26,32"
design_23_seq_0,design_00,2.0,3,3,True,False,nan,0,0,3,"5,26,32"
design_23_seq_0,design_00,0.0,3,2,True,False,nan,0,0,2,"26,32"
design_23_seq_1,design_01,0.0,3,3,True,False,nan,0,0,3,"7,22,26"
design_23_seq_1,design_01,2.0,3,3,True,False,nan,0,0,3,"7,22,26"
design_23_seq_1,design_01,1.0,3,3,True,False,nan,0,0,3,"7,22,26"
design_23_seq_1,design_00,2.0,3,1,True,False,nan,0,0,1,32
design_23_seq_1,design_00,1.0,3,2,True,False,nan,0,0,2,"5,32"
design_23_seq_1,design_00,0.0,3,1,True,False,nan,0,0,1,32
design_23_seq_1,design_02,0.0,3,0,False,False,nan,0,0,0,
design_23_seq_1,design_02,1.0,3,0,False,False,nan,0,0,0,
design_23_seq_1,design_02,2.0,3,0,False,False,nan,0,0,0,
design_24_seq_0,design_02,2.0,5,4,True,False,nan,0,0,4,"9,11,73,75"
design_24_seq_0,design_02,1.0,5,3,True,False,nan,0,0,3,"9,11,75"
design_24_seq_0,design_00,2.0,5,4,True,False,nan,0,0,4,"9,11,73,75"
design_24_seq_0,design_00,1.0,5,4,True,False,nan,0,0,4,"9,11,73,75"
design_24_seq_0,design_00,0.0,5,4,True,False,nan,0,0,4,"9,11,73,75"
design_24_seq_0,design_01,1.0,5,2,True,False,nan,0,0,2,"9,11"
design_24_seq_0,design_01,0.0,5,0,False,False,nan,0,0,0,
design_24_seq_0,design_02,0.0,5,0,False,False,nan,0,0,0,
design_24_seq_0,design_01,2.0,5,0,False,False,nan,0,0,0,
design_24_seq_1,design_00,0.0,6,1,True,True,pose_collapses,0,0,1,5
design_24_seq_1,design_00,1.0,6,3,True,False,pose_collapses,0,0,3,"5,9,32"
design_24_seq_1,design_01,2.0,6,2,True,False,pose_collapses,0,0,2,"5,9"
design_24_seq_1,design_01,0.0,6,1,True,False,nan,0,0,1,9
design_24_seq_1,design_00,2.0,6,1,True,False,nan,0,0,1,9
design_24_seq_1,design_02,0.0,6,0,False,False,nan,0,0,0,
design_24_seq_1,design_02,2.0,6,1,True,False,nan,0,0,1,18
design_24_seq_1,design_01,1.0,6,2,True,False,nan,0,0,2,"5,9"
design_24_seq_1,design_02,1.0,6,0,False,False,nan,0,0,0,
design_25_seq_0,design_00,2.0,3,3,True,False,nan,0,0,3,"5,18,50"
design_25_seq_0,design_00,0.0,3,3,True,False,nan,0,0,3,"5,18,50"
design_25_seq_0,design_00,1.0,3,3,True,False,nan,0,0,3,"5,18,50"
design_25_seq_0,design_01,1.0,3,2,True,False,nan,0,0,2,"18,50"
design_25_seq_0,design_02,0.0,3,2,True,False,nan,0,0,2,"7,9"
design_25_seq_0,design_02,1.0,3,0,False,False,nan,0,0,0,
design_25_seq_0,design_02,2.0,3,0,False,False,nan,0,0,0,
design_25_seq_0,design_01,0.0,3,2,True,False,nan,0,0,2,"9,50"
design_25_seq_0,design_01,2.0,3,3,True,False,nan,0,0,3,"9,18,50"
design_25_seq_1,design_01,2.0,6,2,True,False,nan,0,0,2,"7,9"
design_25_seq_1,design_02,1.0,6,0,False,False,nan,0,0,0,
design_25_seq_1,design_01,1.0,6,0,False,False,nan,0,0,0,
design_25_seq_1,design_00,2.0,6,2,True,False,nan,0,0,2,"9,32"
design_25_seq_1,design_01,0.0,6,1,True,False,nan,0,0,1,9
design_25_seq_1,design_02,0.0,6,1,True,False,nan,0,0,1,9
design_25_seq_1,design_00,1.0,6,1,True,False,nan,0,0,1,5
design_25_seq_1,design_00,0.0,6,1,True,False,nan,0,0,1,5
design_25_seq_1,design_02,2.0,6,0,False,False,nan,0,0,0,
design_26_seq_0,design_02,0.0,3,1,True,True,nan,0,0,1,7
design_26_seq_0,design_02,1.0,3,1,True,True,pose_holds,0,0,1,7
design_26_seq_0,design_00,0.0,3,0,False,True,nan,0,0,0,
design_26_seq_0,design_02,2.0,3,2,True,True,pose_collapses,0,0,2,"7,9"
design_26_seq_0,design_00,1.0,3,0,False,False,nan,0,0,0,
design_26_seq_0,design_00,2.0,3,0,False,False,nan,0,0,0,
design_26_seq_0,design_01,0.0,3,3,True,False,nan,0,0,3,"9,18,26"
design_26_seq_0,design_01,1.0,3,3,True,False,nan,0,0,3,"9,18,26"
design_26_seq_0,design_01,2.0,3,1,True,False,nan,0,0,1,26
design_26_seq_1,design_01,2.0,3,0,False,True,nan,0,0,0,
design_26_seq_1,design_02,0.0,3,1,True,True,pose_holds,0,0,1,5
design_26_seq_1,design_01,0.0,3,0,False,True,pose_holds,0,0,0,
design_26_seq_1,design_02,1.0,3,2,True,True,pose_holds,0,0,2,"5,22"
design_26_seq_1,design_01,1.0,3,0,False,True,pose_holds,0,0,0,
design_26_seq_1,design_02,2.0,3,2,True,True,pose_holds,0,0,2,"5,22"
design_26_seq_1,design_00,1.0,3,2,True,False,nan,0,0,2,"22,31"
design_26_seq_1,design_00,0.0,3,3,True,False,nan,0,0,3,"5,22,31"
design_26_seq_1,design_00,2.0,3,2,True,False,nan,0,0,2,"22,31"
design_27_seq_0,design_00,1.0,3,2,True,True,pose_collapses,0,0,2,"5,32"
design_27_seq_0,design_00,2.0,3,2,True,True,pose_collapses,0,0,2,"5,32"
design_27_seq_0,design_00,0.0,3,1,True,True,pose_collapses,0,0,1,32
design_27_seq_0,design_02,0.0,3,3,True,False,nan,0,0,3,"5,7,22"
design_27_seq_0,design_02,1.0,3,3,True,False,nan,0,0,3,"5,7,22"
design_27_seq_0,design_02,2.0,3,3,True,False,nan,0,0,3,"5,7,22"
design_27_seq_0,design_01,0.0,3,0,False,False,nan,0,0,0,
design_27_seq_0,design_01,1.0,3,0,False,False,nan,0,0,0,
design_27_seq_0,design_01,2.0,3,0,False,False,nan,0,0,0,
design_27_seq_1,design_02,0.0,3,2,True,True,pose_holds,0,0,2,"9,32"
design_27_seq_1,design_02,2.0,3,2,True,True,pose_holds,0,0,2,"9,32"
design_27_seq_1,design_01,0.0,3,1,True,False,nan,0,0,1,9
design_27_seq_1,design_01,2.0,3,1,True,False,nan,0,0,1,9
design_27_seq_1,design_01,1.0,3,1,True,False,nan,0,0,1,9
design_27_seq_1,design_02,1.0,3,2,True,False,nan,0,0,2,"7,9"
design_27_seq_1,design_00,0.0,3,3,True,False,nan,0,0,3,"5,22,32"
design_27_seq_1,design_00,2.0,3,3,True,False,nan,0,0,3,"5,22,32"
design_27_seq_1,design_00,1.0,3,3,True,False,nan,0,0,3,"5,22,32"
design_28_seq_0,design_02,2.0,6,2,True,False,nan,0,0,2,"26,32"
design_28_seq_0,design_00,0.0,6,0,False,False,nan,0,0,0,
design_28_seq_0,design_01,0.0,6,0,False,False,nan,0,0,0,
design_28_seq_0,design_00,2.0,6,0,False,False,nan,0,0,0,
design_28_seq_0,design_01,2.0,6,0,False,False,nan,0,0,0,
design_28_seq_0,design_01,1.0,6,0,False,False,nan,0,0,0,
design_28_seq_0,design_02,0.0,6,2,True,False,nan,0,0,2,"26,32"
design_28_seq_0,design_00,1.0,6,0,False,False,nan,0,0,0,
design_28_seq_0,design_02,1.0,6,2,True,False,nan,0,0,2,"26,32"
design_28_seq_1,design_01,1.0,3,2,True,False,nan,0,0,2,"9,22"
design_28_seq_1,design_00,0.0,3,3,True,False,nan,0,0,3,"7,26,32"
design_28_seq_1,design_01,0.0,3,2,True,False,nan,0,0,2,"9,22"
design_28_seq_1,design_00,1.0,3,3,True,False,nan,0,0,3,"7,26,32"
design_28_seq_1,design_02,2.0,3,3,True,False,nan,0,0,3,"7,9,22"
design_28_seq_1,design_02,0.0,3,3,True,False,nan,0,0,3,"7,9,22"
design_28_seq_1,design_00,2.0,3,3,True,False,nan,0,0,3,"7,26,32"
design_28_seq_1,design_01,2.0,3,2,True,False,nan,0,0,2,"9,22"
design_28_seq_1,design_02,1.0,3,3,True,False,nan,0,0,3,"7,9,22"
design_29_seq_1,design_00,1.0,3,0,False,True,nan,0,0,0,
design_29_seq_1,design_00,2.0,3,1,True,True,pose_holds,0,0,1,5
design_29_seq_1,design_00,0.0,3,1,True,True,pose_holds,0,0,1,5
design_29_seq_1,design_01,2.0,3,0,False,True,nan,0,0,0,
design_29_seq_1,design_01,0.0,3,0,False,True,pose_collapses,0,0,0,
design_29_seq_1,design_01,1.0,3,0,False,False,nan,0,0,0,
design_29_seq_1,design_02,1.0,3,3,True,False,nan,0,0,3,"5,7,22"
design_29_seq_1,design_02,0.0,3,3,True,False,nan,0,0,3,"5,7,22"
design_29_seq_1,design_02,2.0,3,3,True,False,nan,0,0,3,"5,7,22"
design_2_seq_1,design_01,0.0,3,1,True,True,pose_collapses,0,0,1,7
design_2_seq_1,design_01,2.0,3,1,True,True,pose_collapses,0,0,1,7
design_2_seq_1,design_00,0.0,3,3,True,False,nan,0,0,3,"5,26,32"
design_2_seq_1,design_01,1.0,3,3,True,False,nan,0,0,3,"7,22,26"
design_2_seq_1,design_00,1.0,3,3,True,False,nan,0,0,3,"5,26,32"
design_2_seq_1,design_00,2.0,3,3,True,False,nan,0,0,3,"5,26,32"
design_2_seq_1,design_02,1.0,3,2,True,False,nan,0,0,2,"7,22"
design_2_seq_1,design_02,2.0,3,3,True,False,nan,0,0,3,"5,7,22"
design_2_seq_1,design_02,0.0,3,3,True,False,nan,0,0,3,"5,7,22"
design_30_seq_0,design_00,1.0,3,3,True,False,nan,0,0,3,"5,26,32"
design_30_seq_0,design_01,0.0,3,3,True,False,nan,0,0,3,"7,22,26"
design_30_seq_0,design_02,1.0,3,3,True,False,nan,0,0,3,"5,7,22"
design_30_seq_0,design_02,0.0,3,3,True,False,nan,0,0,3,"5,7,22"
design_30_seq_0,design_01,2.0,3,3,True,False,nan,0,0,3,"7,22,26"
design_30_seq_0,design_00,0.0,3,3,True,False,nan,0,0,3,"5,26,32"
design_30_seq_0,design_00,2.0,3,3,True,False,nan,0,0,3,"5,26,32"
design_30_seq_0,design_01,1.0,3,3,True,False,nan,0,0,3,"7,22,26"
design_30_seq_0,design_02,2.0,3,3,True,False,nan,0,0,3,"5,7,22"
design_30_seq_1,design_00,1.0,0,0,False,False,nan,0,0,0,
design_30_seq_1,design_02,2.0,0,0,False,False,nan,0,0,0,
design_30_seq_1,design_00,2.0,0,0,False,False,nan,0,0,0,
design_30_seq_1,design_02,0.0,0,0,False,False,nan,0,0,0,
design_30_seq_1,design_00,0.0,0,0,False,False,nan,0,0,0,
design_30_seq_1,design_01,2.0,0,0,False,False,nan,0,0,0,
design_30_seq_1,design_02,1.0,0,0,False,False,nan,0,0,0,
design_30_seq_1,design_01,1.0,0,0,False,False,nan,0,0,0,
design_30_seq_1,design_01,0.0,0,0,False,False,nan,0,0,0,
design_31_seq_0,design_00,2.0,6,1,True,False,pose_holds,0,0,1,5
design_31_seq_0,design_01,2.0,6,1,True,True,pose_holds,0,0,1,5
design_31_seq_0,design_02,2.0,6,3,True,False,pose_collapses,0,0,3,"5,22,32"
design_31_seq_0,design_01,0.0,6,3,True,False,nan,0,0,3,"5,32,52"
design_31_seq_0,design_00,1.0,6,2,True,False,nan,0,0,2,"5,22"
design_31_seq_0,design_01,1.0,6,1,True,False,nan,0,0,1,32
design_31_seq_0,design_02,1.0,6,4,True,False,nan,0,0,4,"5,22,26,32"
design_31_seq_0,design_00,0.0,6,1,True,False,nan,0,0,1,5
design_31_seq_0,design_02,0.0,6,2,True,False,nan,0,0,2,"5,32"
design_31_seq_1,design_02,1.0,6,1,True,True,pose_holds,0,0,1,7
design_31_seq_1,design_00,1.0,6,1,True,False,pose_collapses,0,0,1,5
design_31_seq_1,design_00,2.0,6,1,True,False,nan,0,0,1,5
design_31_seq_1,design_01,0.0,6,5,True,False,nan,0,0,5,"5,7,18,22,32"
design_31_seq_1,design_02,2.0,6,4,True,False,nan,0,0,4,"5,7,18,32"
design_31_seq_1,design_02,0.0,6,2,True,False,nan,0,0,2,"5,7"
design_31_seq_1,design_01,1.0,6,1,True,False,nan,0,0,1,7
design_31_seq_1,design_01,2.0,6,0,False,False,nan,0,0,0,
design_31_seq_1,design_00,0.0,6,0,False,False,nan,0,0,0,
design_32_seq_0,design_01,1.0,6,5,True,True,pose_collapses,0,0,5,"5,7,9,32,48"
design_32_seq_0,design_01,2.0,6,4,True,True,pose_collapses,0,0,4,"5,7,9,32"
design_32_seq_0,design_00,2.0,6,5,True,True,pose_collapses,0,0,5,"5,9,31,32,48"
design_32_seq_0,design_00,0.0,6,4,True,False,nan,0,0,4,"5,9,32,48"
design_32_seq_0,design_00,1.0,6,2,True,False,nan,0,0,2,"5,9"
design_32_seq_0,design_01,0.0,6,3,True,False,nan,0,0,3,"5,7,9"
design_32_seq_0,design_02,0.0,6,2,True,False,nan,0,0,2,"7,9"
design_32_seq_0,design_02,2.0,6,2,True,False,nan,0,0,2,"7,9"
design_32_seq_0,design_02,1.0,6,1,True,False,nan,0,0,1,9
design_32_seq_1,design_02,2.0,3,2,True,False,nan,0,0,2,"9,66"
design_32_seq_1,design_02,0.0,3,2,True,False,nan,0,0,2,"9,66"
design_32_seq_1,design_02,1.0,3,2,True,False,nan,0,0,2,"9,66"
design_32_seq_1,design_01,0.0,3,2,True,False,nan,0,0,2,"65,66"
design_32_seq_1,design_01,2.0,3,1,True,False,nan,0,0,1,66
design_32_seq_1,design_01,1.0,3,1,True,False,nan,0,0,1,66
design_32_seq_1,design_00,0.0,3,2,True,False,nan,0,0,2,"52,65"
design_32_seq_1,design_00,1.0,3,3,True,False,nan,0,0,3,"52,65,66"
design_32_seq_1,design_00,2.0,3,3,True,False,nan,0,0,3,"52,65,66"
design_33_seq_0,design_02,2.0,6,0,False,False,nan,0,0,0,
design_33_seq_0,design_01,2.0,6,2,True,False,nan,0,0,2,"26,31"
design_33_seq_0,design_01,1.0,6,0,False,False,nan,0,0,0,
design_33_seq_0,design_02,0.0,6,0,False,False,nan,0,0,0,
design_33_seq_0,design_02,1.0,6,0,False,False,nan,0,0,0,
design_33_seq_0,design_00,1.0,6,0,False,False,nan,0,0,0,
design_33_seq_0,design_00,0.0,6,0,False,False,nan,0,0,0,
design_33_seq_0,design_01,0.0,6,0,False,False,nan,0,0,0,
design_33_seq_0,design_00,2.0,6,1,True,False,nan,0,0,1,26
design_33_seq_1,design_00,2.0,6,3,True,False,nan,0,0,3,"5,18,19"
design_33_seq_1,design_02,0.0,6,2,True,True,nan,0,0,2,"5,9"
design_33_seq_1,design_00,1.0,6,2,True,False,nan,0,0,2,"5,9"
design_33_seq_1,design_00,0.0,6,1,True,False,nan,0,0,1,9
design_33_seq_1,design_01,0.0,6,2,True,False,nan,0,0,2,"9,26"
design_33_seq_1,design_02,2.0,6,3,True,False,nan,0,0,3,"5,9,18"
design_33_seq_1,design_01,2.0,6,3,True,False,nan,0,0,3,"5,9,26"
design_33_seq_1,design_01,1.0,6,2,True,False,nan,0,0,2,"5,26"
design_33_seq_1,design_02,1.0,6,3,True,False,nan,0,0,3,"9,18,19"
design_34_seq_0,design_00,1.0,3,2,True,True,pose_holds,0,0,2,"5,32"
design_34_seq_0,design_00,0.0,3,2,True,True,pose_holds,0,0,2,"5,32"
design_34_seq_0,design_00,2.0,3,2,True,True,pose_holds,0,0,2,"5,32"
design_34_seq_0,design_01,2.0,3,0,False,True,nan,0,0,0,
design_34_seq_0,design_01,0.0,3,0,False,True,nan,0,0,0,
design_34_seq_0,design_01,1.0,3,1,True,True,pose_collapses,0,0,1,32
design_34_seq_0,design_02,0.0,3,2,True,True,pose_collapses,0,0,2,"5,7"
design_34_seq_0,design_02,1.0,3,2,True,True,pose_collapses,0,0,2,"5,7"
design_34_seq_0,design_02,2.0,3,3,True,True,pose_collapses,0,0,3,"5,7,22"
design_34_seq_1,design_02,1.0,2,2,True,False,nan,0,0,2,"0,5"
design_34_seq_1,design_00,2.0,2,2,True,False,nan,0,0,2,"0,5"
design_34_seq_1,design_02,0.0,2,2,True,False,nan,0,0,2,"0,5"
design_34_seq_1,design_01,1.0,2,2,True,False,nan,0,0,2,"0,5"
design_34_seq_1,design_00,0.0,2,2,True,False,nan,0,0,2,"0,5"
design_34_seq_1,design_02,2.0,2,2,True,False,nan,0,0,2,"0,5"
design_34_seq_1,design_01,0.0,2,2,True,False,nan,0,0,2,"0,5"
design_34_seq_1,design_00,1.0,2,2,True,False,nan,0,0,2,"0,5"
design_34_seq_1,design_01,2.0,2,2,True,False,nan,0,0,2,"0,5"
design_35_seq_1,design_00,1.0,3,3,True,False,nan,0,0,3,"5,26,32"
design_35_seq_1,design_00,2.0,3,3,True,False,nan,0,0,3,"5,26,32"
design_35_seq_1,design_00,0.0,3,3,True,False,nan,0,0,3,"5,26,32"
design_35_seq_1,design_02,0.0,3,3,True,False,nan,0,0,3,"5,7,22"
design_35_seq_1,design_02,1.0,3,3,True,False,nan,0,0,3,"5,7,22"
design_35_seq_1,design_02,2.0,3,3,True,False,nan,0,0,3,"5,7,22"
design_35_seq_1,design_01,0.0,3,2,True,False,nan,0,0,2,"22,32"
design_35_seq_1,design_01,2.0,3,2,True,False,nan,0,0,2,"22,32"
design_35_seq_1,design_01,1.0,3,2,True,False,nan,0,0,2,"22,32"
design_36_seq_0,design_01,2.0,3,2,True,False,nan,0,0,2,"9,71"
design_36_seq_0,design_01,1.0,3,2,True,False,nan,0,0,2,"9,71"
design_36_seq_0,design_01,0.0,3,2,True,False,nan,0,0,2,"9,71"
design_36_seq_0,design_00,1.0,3,2,True,False,nan,0,0,2,"5,52"
design_36_seq_0,design_00,0.0,3,2,True,False,nan,0,0,2,"5,52"
design_36_seq_0,design_00,2.0,3,2,True,False,nan,0,0,2,"5,52"
design_36_seq_0,design_02,0.0,3,2,True,False,nan,0,0,2,"9,71"
design_36_seq_0,design_02,2.0,3,2,True,False,nan,0,0,2,"7,9"
design_36_seq_0,design_02,1.0,3,1,True,False,nan,0,0,1,9
design_36_seq_1,design_01,1.0,3,0,False,True,nan,0,0,0,
design_36_seq_1,design_01,0.0,3,0,False,False,nan,0,0,0,
design_36_seq_1,design_01,2.0,3,0,False,False,nan,0,0,0,
design_36_seq_1,design_00,2.0,3,0,False,False,nan,0,0,0,
design_36_seq_1,design_00,1.0,3,0,False,False,nan,0,0,0,
design_36_seq_1,design_00,0.0,3,1,True,False,nan,0,0,1,22
design_36_seq_1,design_02,1.0,3,2,True,False,nan,0,0,2,"7,26"
design_36_seq_1,design_02,2.0,3,2,True,False,nan,0,0,2,"7,26"
design_36_seq_1,design_02,0.0,3,2,True,False,nan,0,0,2,"7,26"
design_37_seq_0,design_00,1.0,3,2,True,False,nan,0,0,2,"7,32"
design_37_seq_0,design_00,0.0,3,2,True,False,nan,0,0,2,"7,32"
design_37_seq_0,design_00,2.0,3,2,True,False,nan,0,0,2,"7,32"
design_37_seq_0,design_02,2.0,3,2,True,False,nan,0,0,2,"7,9"
design_37_seq_0,design_01,1.0,3,2,True,False,nan,0,0,2,"9,22"
design_37_seq_0,design_01,0.0,3,2,True,False,nan,0,0,2,"9,22"
design_37_seq_0,design_01,2.0,3,2,True,False,nan,0,0,2,"9,22"
design_37_seq_0,design_02,0.0,3,2,True,False,nan,0,0,2,"7,22"
design_37_seq_0,design_02,1.0,3,1,True,False,nan,0,0,1,22
design_38_seq_0,design_00,1.0,3,3,True,True,pose_holds,0,0,3,"32,66,67"
design_38_seq_0,design_02,0.0,3,3,True,False,nan,0,0,3,"7,9,67"
design_38_seq_0,design_02,1.0,3,2,True,False,nan,0,0,2,"7,67"
design_38_seq_0,design_00,2.0,3,3,True,True,nan,0,0,3,"32,66,67"
design_38_seq_0,design_01,2.0,3,3,True,False,nan,0,0,3,"9,66,67"
design_38_seq_0,design_01,1.0,3,2,True,False,nan,0,0,2,"9,67"
design_38_seq_0,design_00,0.0,3,2,True,False,nan,0,0,2,"66,67"
design_38_seq_0,design_02,2.0,3,3,True,False,nan,0,0,3,"7,9,67"
design_38_seq_0,design_01,0.0,3,3,True,False,nan,0,0,3,"9,66,67"
design_38_seq_1,design_02,1.0,3,2,True,True,nan,0,0,2,"7,9"
design_38_seq_1,design_02,2.0,3,1,True,True,pose_collapses,0,0,1,7
design_38_seq_1,design_02,0.0,3,2,True,False,pose_collapses,0,0,2,"7,9"
design_38_seq_1,design_00,2.0,3,2,True,False,nan,0,0,2,"5,67"
design_38_seq_1,design_00,1.0,3,2,True,False,nan,0,0,2,"5,67"
design_38_seq_1,design_01,1.0,3,3,True,False,nan,0,0,3,"9,61,67"
design_38_seq_1,design_00,0.0,3,3,True,False,nan,0,0,3,"5,61,67"
design_38_seq_1,design_01,0.0,3,3,True,False,nan,0,0,3,"9,61,67"
design_38_seq_1,design_01,2.0,3,3,True,False,nan,0,0,3,"9,61,67"
design_39_seq_1,design_00,1.0,3,1,True,True,pose_holds,0,0,1,5
design_39_seq_1,design_00,2.0,3,1,True,True,pose_holds,0,0,1,5
design_39_seq_1,design_00,0.0,3,1,True,True,pose_holds,0,0,1,5
design_39_seq_1,design_02,0.0,3,2,True,True,pose_holds,0,0,2,"5,7"
design_39_seq_1,design_02,1.0,3,2,True,True,pose_holds,0,0,2,"5,7"
design_39_seq_1,design_01,2.0,3,1,True,True,pose_holds,0,0,1,32
design_39_seq_1,design_01,1.0,3,1,True,True,pose_holds,0,0,1,22
design_39_seq_1,design_01,0.0,3,1,True,True,pose_holds,0,0,1,22
design_39_seq_1,design_02,2.0,3,2,True,True,pose_collapses,0,0,2,"5,7"
design_3_seq_0,design_00,1.0,3,0,False,False,nan,0,0,0,
design_3_seq_0,design_00,2.0,3,1,True,False,pose_collapses,0,0,1,32
design_3_seq_0,design_00,0.0,3,1,True,False,nan,0,0,1,32
design_3_seq_0,design_02,0.0,3,2,True,False,nan,0,0,2,"7,32"
design_3_seq_0,design_01,0.0,3,3,True,False,nan,0,0,3,"18,22,32"
design_3_seq_0,design_02,2.0,3,3,True,False,nan,0,0,3,"7,26,32"
design_3_seq_0,design_01,1.0,3,3,True,False,nan,0,0,3,"18,22,32"
design_3_seq_0,design_01,2.0,3,3,True,False,nan,0,0,3,"18,22,32"
design_3_seq_0,design_02,1.0,3,2,True,False,nan,0,0,2,"7,32"
design_3_seq_1,design_01,0.0,5,5,True,False,nan,0,0,5,"5,7,22,26,32"
design_3_seq_1,design_02,1.0,5,5,True,False,nan,0,0,5,"5,7,22,26,32"
design_3_seq_1,design_02,0.0,5,5,True,False,nan,0,0,5,"5,7,22,26,32"
design_3_seq_1,design_01,1.0,5,5,True,False,nan,0,0,5,"5,7,22,26,32"
design_3_seq_1,design_02,2.0,5,5,True,False,nan,0,0,5,"5,7,22,26,32"
design_3_seq_1,design_01,2.0,5,5,True,False,nan,0,0,5,"5,7,22,26,32"
design_3_seq_1,design_00,0.0,5,4,True,False,nan,0,0,4,"7,22,26,32"
design_3_seq_1,design_00,2.0,5,4,True,False,nan,0,0,4,"7,22,26,32"
design_3_seq_1,design_00,1.0,5,4,True,False,nan,0,0,4,"7,22,26,32"
design_41_seq_0,design_01,2.0,6,0,False,False,nan,0,0,0,
design_41_seq_0,design_02,1.0,6,0,False,False,nan,0,0,0,
design_41_seq_0,design_00,0.0,6,3,True,False,nan,0,0,3,"18,19,26"
design_41_seq_0,design_00,1.0,6,4,True,False,nan,0,0,4,"15,18,19,26"
design_41_seq_0,design_02,2.0,6,5,True,False,nan,0,0,5,"15,16,20,23,27"
design_41_seq_0,design_02,0.0,6,5,True,False,nan,0,0,5,"15,16,20,23,27"
design_41_seq_0,design_01,0.0,6,0,False,False,nan,0,0,0,
design_41_seq_0,design_01,1.0,6,0,False,False,nan,0,0,0,
design_41_seq_0,design_00,2.0,6,3,True,False,nan,0,0,3,"18,19,26"
design_41_seq_1,design_01,2.0,5,1,True,False,nan,0,0,1,9
design_41_seq_1,design_02,0.0,5,1,True,False,nan,0,0,1,18
design_41_seq_1,design_01,1.0,5,2,True,False,nan,0,0,2,"7,9"
design_41_seq_1,design_00,0.0,5,0,False,False,nan,0,0,0,
design_41_seq_1,design_01,0.0,5,1,True,False,nan,0,0,1,9
design_41_seq_1,design_02,2.0,5,2,True,False,nan,0,0,2,"5,7"
design_41_seq_1,design_02,1.0,5,3,True,False,nan,0,0,3,"5,18,22"
design_41_seq_1,design_00,1.0,5,2,True,False,nan,0,0,2,"18,22"
design_41_seq_1,design_00,2.0,5,1,True,False,nan,0,0,1,18
design_42_seq_1,design_02,2.0,6,0,False,True,nan,0,0,0,
design_42_seq_1,design_01,2.0,6,0,False,False,pose_holds,0,0,0,
design_42_seq_1,design_01,1.0,6,0,False,True,nan,0,0,0,
design_42_seq_1,design_00,2.0,6,1,True,True,pose_collapses,0,0,1,32
design_42_seq_1,design_00,1.0,6,1,True,True,pose_collapses,0,0,1,32
design_42_seq_1,design_00,0.0,6,1,True,True,pose_collapses,0,0,1,32
design_42_seq_1,design_01,0.0,6,0,False,False,nan,0,0,0,
design_42_seq_1,design_02,1.0,6,6,True,False,nan,0,0,6,"15,16,18,20,23,27"
design_42_seq_1,design_02,0.0,6,6,True,False,nan,0,0,6,"15,16,18,20,23,27"
design_43_seq_0,design_00,1.0,6,0,False,True,nan,0,0,0,
design_43_seq_0,design_00,2.0,6,0,False,True,nan,0,0,0,
design_43_seq_0,design_00,0.0,6,3,True,True,pose_collapses,0,0,3,"18,22,31"
design_43_seq_0,design_02,0.0,6,3,True,False,nan,0,0,3,"22,31,32"
design_43_seq_0,design_01,2.0,6,2,True,False,nan,0,0,2,"26,31"
design_43_seq_0,design_01,0.0,6,1,True,False,nan,0,0,1,26
design_43_seq_0,design_01,1.0,6,1,True,False,nan,0,0,1,26
design_43_seq_0,design_02,1.0,6,3,True,False,nan,0,0,3,"22,31,32"
design_43_seq_0,design_02,2.0,6,1,True,False,nan,0,0,1,22
design_43_seq_1,design_01,0.0,3,3,True,True,pose_holds,0,0,3,"9,32,67"
design_43_seq_1,design_01,1.0,3,2,True,False,nan,0,0,2,"9,67"
design_43_seq_1,design_00,1.0,3,2,True,False,nan,0,0,2,"5,9"
design_43_seq_1,design_02,1.0,3,1,True,False,nan,0,0,1,9
design_43_seq_1,design_00,2.0,3,2,True,False,nan,0,0,2,"5,9"
design_43_seq_1,design_00,0.0,3,1,True,False,nan,0,0,1,9
design_43_seq_1,design_02,2.0,3,0,False,False,nan,0,0,0,
design_43_seq_1,design_01,2.0,3,3,True,False,nan,0,0,3,"9,32,67"
design_43_seq_1,design_02,0.0,3,1,True,False,nan,0,0,1,9
design_44_seq_0,design_02,2.0,3,2,True,False,nan,0,0,2,"0,9"
design_44_seq_0,design_02,1.0,3,2,True,False,nan,0,0,2,"0,9"
design_44_seq_0,design_01,0.0,3,0,False,False,nan,0,0,0,
design_44_seq_0,design_01,2.0,3,0,False,False,nan,0,0,0,
design_44_seq_0,design_01,1.0,3,0,False,False,nan,0,0,0,
design_44_seq_0,design_00,2.0,3,0,False,False,nan,0,0,0,
design_44_seq_0,design_00,1.0,3,0,False,False,nan,0,0,0,
design_44_seq_0,design_00,0.0,3,0,False,False,nan,0,0,0,
design_44_seq_0,design_02,0.0,3,0,False,False,nan,0,0,0,
design_44_seq_1,design_02,2.0,6,2,True,True,pose_collapses,0,0,2,"5,7"
design_44_seq_1,design_02,1.0,6,2,True,False,pose_collapses,0,0,2,"5,7"
design_44_seq_1,design_02,0.0,6,2,True,False,nan,0,0,2,"5,7"
design_44_seq_1,design_00,1.0,6,1,True,False,nan,0,0,1,18
design_44_seq_1,design_01,0.0,6,5,True,False,nan,0,0,5,"5,7,22,32,49"
design_44_seq_1,design_00,0.0,6,2,True,False,nan,0,0,2,"5,49"
design_44_seq_1,design_00,2.0,6,2,True,False,nan,0,0,2,"5,49"
design_44_seq_1,design_01,2.0,6,2,True,False,nan,0,0,2,"18,32"
design_44_seq_1,design_01,1.0,6,2,True,False,nan,0,0,2,"22,32"
design_45_seq_0,design_00,1.0,6,1,True,False,nan,0,0,1,32
design_45_seq_0,design_00,0.0,6,1,True,False,nan,0,0,1,5
design_45_seq_0,design_02,2.0,6,1,True,False,nan,0,0,1,7
design_45_seq_0,design_02,0.0,6,2,True,False,nan,0,0,2,"7,15"
design_45_seq_0,design_00,2.0,6,2,True,False,nan,0,0,2,"5,32"
design_45_seq_0,design_01,1.0,6,2,True,False,nan,0,0,2,"15,18"
design_45_seq_0,design_02,1.0,6,1,True,False,nan,0,0,1,7
design_45_seq_0,design_01,2.0,6,4,True,False,nan,0,0,4,"5,15,22,32"
design_45_seq_0,design_01,0.0,6,1,True,False,nan,0,0,1,15
design_45_seq_1,design_01,1.0,3,1,True,True,pose_holds,0,0,1,18
design_45_seq_1,design_01,0.0,3,0,False,True,nan,0,0,0,
design_45_seq_1,design_00,0.0,3,0,False,True,nan,0,0,0,
design_45_seq_1,design_01,2.0,3,1,True,True,pose_collapses,0,0,1,32
design_45_seq_1,design_00,2.0,3,0,False,False,nan,0,0,0,
design_45_seq_1,design_00,1.0,3,1,True,False,pose_collapses,0,0,1,32
design_45_seq_1,design_02,1.0,3,3,True,False,nan,0,0,3,"7,26,32"
design_45_seq_1,design_02,2.0,3,3,True,False,nan,0,0,3,"7,26,32"
design_45_seq_1,design_02,0.0,3,3,True,False,nan,0,0,3,"7,26,32"
design_46_seq_0,design_01,1.0,6,5,True,False,nan,0,0,5,"5,7,22,26,32"
design_46_seq_0,design_01,0.0,6,4,True,False,nan,0,0,4,"5,22,26,32"
design_46_seq_0,design_01,2.0,6,5,True,False,nan,0,0,5,"5,7,22,26,32"
design_46_seq_0,design_00,2.0,6,5,True,False,nan,0,0,5,"5,7,18,22,32"
design_46_seq_0,design_02,0.0,6,6,True,False,nan,0,0,6,"5,7,18,22,26,32"
design_46_seq_0,design_00,0.0,6,4,True,False,nan,0,0,4,"7,18,22,32"
design_46_seq_0,design_00,1.0,6,5,True,False,nan,0,0,5,"5,7,18,22,32"
design_46_seq_0,design_02,2.0,6,6,True,False,nan,0,0,6,"5,7,18,22,26,32"
design_46_seq_0,design_02,1.0,6,6,True,False,nan,0,0,6,"5,7,18,22,26,32"
design_46_seq_1,design_01,1.0,6,2,True,True,pose_collapses,0,0,2,"9,22"
design_46_seq_1,design_01,2.0,6,2,True,False,pose_collapses,0,0,2,"9,22"
design_46_seq_1,design_01,0.0,6,3,True,False,nan,0,0,3,"9,22,31"
design_46_seq_1,design_02,1.0,6,2,True,False,nan,0,0,2,"11,59"
design_46_seq_1,design_02,2.0,6,1,True,False,nan,0,0,1,59
design_46_seq_1,design_02,0.0,6,1,True,False,nan,0,0,1,59
design_46_seq_1,design_00,0.0,6,2,True,False,nan,0,0,2,"9,63"
design_46_seq_1,design_00,2.0,6,1,True,False,nan,0,0,1,9
design_46_seq_1,design_00,1.0,6,2,True,False,nan,0,0,2,"9,63"
design_48_seq_0,design_00,1.0,6,5,True,False,nan,0,0,5,"7,18,22,26,32"
design_48_seq_0,design_02,0.0,6,4,True,False,nan,0,0,4,"7,22,26,32"
design_48_seq_0,design_02,1.0,6,3,True,False,nan,0,0,3,"7,18,32"
design_48_seq_0,design_00,0.0,6,5,True,False,nan,0,0,5,"5,7,18,22,32"
design_48_seq_0,design_00,2.0,6,6,True,False,nan,0,0,6,"5,7,18,22,26,32"
design_48_seq_0,design_02,2.0,6,2,True,False,nan,0,0,2,"7,32"
design_48_seq_0,design_01,1.0,6,4,True,False,nan,0,0,4,"5,22,26,32"
design_48_seq_0,design_01,2.0,6,4,True,False,nan,0,0,4,"18,22,26,32"
design_48_seq_0,design_01,0.0,6,4,True,False,nan,0,0,4,"5,22,26,32"
design_48_seq_1,design_02,0.0,3,3,True,False,nan,0,0,3,"7,9,22"
design_48_seq_1,design_02,2.0,3,3,True,False,nan,0,0,3,"7,9,22"
design_48_seq_1,design_02,1.0,3,3,True,False,nan,0,0,3,"7,9,22"
design_48_seq_1,design_01,2.0,3,1,True,False,nan,0,0,1,9
design_48_seq_1,design_01,1.0,3,1,True,False,nan,0,0,1,9
design_48_seq_1,design_01,0.0,3,0,False,False,nan,0,0,0,
design_48_seq_1,design_00,1.0,3,2,True,False,nan,0,0,2,"5,26"
design_48_seq_1,design_00,2.0,3,3,True,False,nan,0,0,3,"5,18,26"
design_48_seq_1,design_00,0.0,3,3,True,False,nan,0,0,3,"5,18,26"
design_4_seq_0,design_02,1.0,3,0,False,True,nan,0,0,0,
design_4_seq_0,design_02,0.0,3,0,False,False,nan,0,0,0,
design_4_seq_0,design_00,1.0,3,2,True,False,nan,0,0,2,"7,26"
design_4_seq_0,design_00,2.0,3,2,True,False,nan,0,0,2,"7,26"
design_4_seq_0,design_00,0.0,3,2,True,False,nan,0,0,2,"7,26"
design_4_seq_0,design_02,2.0,3,1,True,False,nan,0,0,1,9
design_4_seq_0,design_01,2.0,3,0,False,False,nan,0,0,0,
design_4_seq_0,design_01,1.0,3,0,False,False,nan,0,0,0,
design_4_seq_0,design_01,0.0,3,0,False,False,nan,0,0,0,
design_4_seq_1,design_01,1.0,3,0,False,False,nan,0,0,0,
design_4_seq_1,design_00,2.0,3,1,True,False,nan,0,0,1,5
design_4_seq_1,design_01,2.0,3,0,False,False,nan,0,0,0,
design_4_seq_1,design_01,0.0,3,0,False,False,nan,0,0,0,
design_4_seq_1,design_00,1.0,3,1,True,False,nan,0,0,1,5
design_4_seq_1,design_02,0.0,3,2,True,False,nan,0,0,2,"5,7"
design_4_seq_1,design_02,2.0,3,1,True,False,nan,0,0,1,7
design_4_seq_1,design_00,0.0,3,0,False,False,nan,0,0,0,
design_4_seq_1,design_02,1.0,3,3,True,False,nan,0,0,3,"5,7,22"
design_50_seq_0,design_00,1.0,3,0,False,False,nan,0,0,0,
design_50_seq_0,design_02,2.0,3,2,True,False,nan,0,0,2,"7,9"
design_50_seq_0,design_02,0.0,3,2,True,False,nan,0,0,2,"7,9"
design_50_seq_0,design_00,2.0,3,3,True,False,nan,0,0,3,"7,26,32"
design_50_seq_0,design_00,0.0,3,3,True,False,nan,0,0,3,"7,26,32"
design_50_seq_0,design_01,1.0,3,1,True,False,nan,0,0,1,9
design_50_seq_0,design_01,2.0,3,3,True,False,nan,0,0,3,"9,22,26"
design_50_seq_0,design_01,0.0,3,1,True,False,nan,0,0,1,9
design_50_seq_0,design_02,1.0,3,1,True,False,nan,0,0,1,22
design_50_seq_1,design_02,1.0,6,2,True,False,nan,0,0,2,"7,9"
design_50_seq_1,design_02,0.0,6,2,True,False,nan,0,0,2,"7,9"
design_50_seq_1,design_00,2.0,6,3,True,False,nan,0,0,3,"7,9,32"
design_50_seq_1,design_00,0.0,6,2,True,False,nan,0,0,2,"7,9"
design_50_seq_1,design_00,1.0,6,2,True,False,nan,0,0,2,"7,9"
design_50_seq_1,design_02,2.0,6,2,True,False,nan,0,0,2,"7,9"
design_50_seq_1,design_01,1.0,6,2,True,False,nan,0,0,2,"32,46"
design_50_seq_1,design_01,2.0,6,1,True,False,nan,0,0,1,9
design_50_seq_1,design_01,0.0,6,0,False,False,nan,0,0,0,
design_52_seq_0,design_01,0.0,6,6,True,False,nan,0,0,6,"5,7,9,22,26,32"
design_52_seq_0,design_01,2.0,6,6,True,False,nan,0,0,6,"5,7,9,22,26,32"
design_52_seq_0,design_01,1.0,6,5,True,False,nan,0,0,5,"5,7,9,26,32"
design_52_seq_0,design_00,0.0,6,4,True,False,nan,0,0,4,"7,9,22,32"
design_52_seq_0,design_02,2.0,6,3,True,False,nan,0,0,3,"7,9,22"
design_52_seq_0,design_00,1.0,6,0,False,False,nan,0,0,0,
design_52_seq_0,design_02,1.0,6,4,True,False,nan,0,0,4,"5,7,22,32"
design_52_seq_0,design_00,2.0,6,0,False,False,nan,0,0,0,
design_52_seq_0,design_02,0.0,6,0,False,False,nan,0,0,0,
design_53_seq_0,design_02,1.0,5,2,True,True,nan,0,0,2,"5,32"
design_53_seq_0,design_02,2.0,5,1,True,True,nan,0,0,1,5
design_53_seq_0,design_00,0.0,5,2,True,True,nan,0,0,2,"5,32"
design_53_seq_0,design_02,0.0,5,1,True,True,nan,0,0,1,5
design_53_seq_0,design_00,2.0,5,2,True,False,nan,0,0,2,"5,32"
design_53_seq_0,design_01,0.0,5,0,False,False,nan,0,0,0,
design_53_seq_0,design_01,1.0,5,1,True,False,nan,0,0,1,5
design_53_seq_0,design_01,2.0,5,0,False,False,nan,0,0,0,
design_53_seq_0,design_00,1.0,5,0,False,False,nan,0,0,0,
design_53_seq_1,design_00,0.0,3,2,True,True,pose_holds,0,0,2,"5,32"
design_53_seq_1,design_01,1.0,3,1,True,True,pose_collapses,0,0,1,32
design_53_seq_1,design_00,2.0,3,2,True,True,pose_collapses,0,0,2,"5,32"
design_53_seq_1,design_00,1.0,3,2,True,True,pose_collapses,0,0,2,"5,32"
design_53_seq_1,design_01,2.0,3,1,True,True,pose_collapses,0,0,1,32
design_53_seq_1,design_01,0.0,3,1,True,False,pose_collapses,0,0,1,32
design_53_seq_1,design_02,2.0,3,2,True,False,nan,0,0,2,"7,9"
design_53_seq_1,design_02,1.0,3,2,True,False,nan,0,0,2,"7,9"
design_53_seq_1,design_02,0.0,3,2,True,False,nan,0,0,2,"7,9"
design_54_seq_0,design_01,1.0,6,0,False,False,nan,0,0,0,
design_54_seq_0,design_02,0.0,6,0,False,False,nan,0,0,0,
design_54_seq_0,design_00,0.0,6,0,False,False,nan,0,0,0,
design_54_seq_0,design_00,2.0,6,1,True,False,nan,0,0,1,32
design_54_seq_0,design_02,2.0,6,2,True,False,nan,0,0,2,"15,18"
design_54_seq_0,design_02,1.0,6,1,True,False,nan,0,0,1,15
design_54_seq_0,design_01,0.0,6,1,True,False,nan,0,0,1,15
design_54_seq_0,design_00,1.0,6,1,True,False,nan,0,0,1,15
design_54_seq_0,design_01,2.0,6,1,True,False,nan,0,0,1,15
design_54_seq_1,design_02,2.0,6,0,False,False,nan,0,0,0,
design_54_seq_1,design_02,1.0,6,0,False,False,nan,0,0,0,
design_54_seq_1,design_00,1.0,6,2,True,False,nan,0,0,2,"15,19"
design_54_seq_1,design_00,0.0,6,1,True,False,nan,0,0,1,60
design_54_seq_1,design_02,0.0,6,2,True,False,nan,0,0,2,"16,19"
design_54_seq_1,design_00,2.0,6,4,True,False,nan,0,0,4,"15,19,20,23"
design_54_seq_1,design_01,0.0,6,1,True,False,nan,0,0,1,15
design_54_seq_1,design_01,1.0,6,1,True,False,nan,0,0,1,15
design_54_seq_1,design_01,2.0,6,1,True,False,nan,0,0,1,15
design_55_seq_0,design_00,2.0,3,2,True,True,pose_collapses,0,0,2,"5,32"
design_55_seq_0,design_00,0.0,3,0,False,True,pose_collapses,0,0,0,
design_55_seq_0,design_01,1.0,3,1,True,True,pose_collapses,0,0,1,32
design_55_seq_0,design_01,2.0,3,1,True,True,pose_collapses,0,0,1,32
design_55_seq_0,design_00,1.0,3,2,True,True,pose_collapses,0,0,2,"5,32"
design_55_seq_0,design_01,0.0,3,1,True,True,pose_collapses,0,0,1,32
design_55_seq_0,design_02,0.0,3,2,True,False,nan,0,0,2,"7,32"
design_55_seq_0,design_02,1.0,3,2,True,False,nan,0,0,2,"7,32"
design_55_seq_0,design_02,2.0,3,3,True,False,nan,0,0,3,"7,18,32"
design_55_seq_1,design_01,1.0,3,3,True,False,nan,0,0,3,"7,22,26"
design_55_seq_1,design_02,0.0,3,3,True,False,nan,0,0,3,"5,7,22"
design_55_seq_1,design_02,1.0,3,3,True,False,nan,0,0,3,"5,7,22"
design_55_seq_1,design_02,2.0,3,3,True,False,nan,0,0,3,"5,7,22"
design_55_seq_1,design_01,2.0,3,3,True,False,nan,0,0,3,"7,22,26"
design_55_seq_1,design_01,0.0,3,3,True,False,nan,0,0,3,"7,22,26"
design_55_seq_1,design_00,0.0,3,3,True,False,nan,0,0,3,"5,26,32"
design_55_seq_1,design_00,2.0,3,3,True,False,nan,0,0,3,"5,26,32"
design_55_seq_1,design_00,1.0,3,3,True,False,nan,0,0,3,"5,26,32"
design_56_seq_0,design_01,1.0,3,1,True,False,pose_holds,0,0,1,7
design_56_seq_0,design_01,2.0,3,1,True,True,pose_collapses,0,0,1,7
design_56_seq_0,design_01,0.0,3,2,True,False,pose_collapses,0,0,2,"7,9"
design_56_seq_0,design_00,0.0,3,1,True,False,nan,0,0,1,5
design_56_seq_0,design_02,2.0,3,0,False,False,nan,0,0,0,
design_56_seq_0,design_00,1.0,3,0,False,False,nan,0,0,0,
design_56_seq_0,design_00,2.0,3,0,False,False,nan,0,0,0,
design_56_seq_0,design_02,1.0,3,0,False,False,nan,0,0,0,
design_56_seq_0,design_02,0.0,3,0,False,False,nan,0,0,0,
design_56_seq_1,design_00,2.0,6,1,True,True,pose_collapses,0,0,1,32
design_56_seq_1,design_00,1.0,6,1,True,True,pose_collapses,0,0,1,32
design_56_seq_1,design_00,0.0,6,1,True,False,pose_collapses,0,0,1,32
design_56_seq_1,design_02,2.0,6,2,True,False,nan,0,0,2,"18,26"
design_56_seq_1,design_02,0.0,6,2,True,False,nan,0,0,2,"18,26"
design_56_seq_1,design_02,1.0,6,2,True,False,nan,0,0,2,"18,26"
design_56_seq_1,design_01,1.0,6,0,False,False,nan,0,0,0,
design_56_seq_1,design_01,0.0,6,1,True,False,nan,0,0,1,18
design_56_seq_1,design_01,2.0,6,2,True,False,nan,0,0,2,"16,19"
design_57_seq_0,design_01,0.0,3,0,False,True,nan,0,0,0,
design_57_seq_0,design_00,1.0,3,0,False,True,nan,0,0,0,
design_57_seq_0,design_00,2.0,3,0,False,False,nan,0,0,0,
design_57_seq_0,design_00,0.0,3,0,False,False,nan,0,0,0,
design_57_seq_0,design_02,0.0,3,2,True,False,nan,0,0,2,"7,32"
design_57_seq_0,design_02,2.0,3,2,True,False,nan,0,0,2,"7,32"
design_57_seq_0,design_02,1.0,3,2,True,False,nan,0,0,2,"7,32"
design_57_seq_0,design_01,2.0,3,3,True,False,nan,0,0,3,"18,22,32"
design_57_seq_0,design_01,1.0,3,3,True,False,nan,0,0,3,"18,22,32"
design_57_seq_1,design_02,1.0,5,3,True,False,nan,0,0,3,"22,26,32"
design_57_seq_1,design_02,0.0,5,3,True,False,nan,0,0,3,"22,26,32"
design_57_seq_1,design_02,2.0,5,3,True,False,nan,0,0,3,"22,26,32"
design_57_seq_1,design_01,2.0,5,5,True,False,nan,0,0,5,"5,7,22,26,32"
design_57_seq_1,design_00,2.0,5,5,True,False,nan,0,0,5,"5,7,22,26,32"
design_57_seq_1,design_01,1.0,5,5,True,False,nan,0,0,5,"5,7,22,26,32"
design_57_seq_1,design_00,1.0,5,5,True,False,nan,0,0,5,"5,7,22,26,32"
design_57_seq_1,design_00,0.0,5,5,True,False,nan,0,0,5,"5,7,22,26,32"
design_57_seq_1,design_01,0.0,5,5,True,False,nan,0,0,5,"5,7,22,26,32"
design_58_seq_0,design_00,2.0,6,0,False,True,nan,0,0,0,
design_58_seq_0,design_02,1.0,6,3,True,False,nan,0,0,3,"22,26,32"
design_58_seq_0,design_01,0.0,6,1,True,False,nan,0,0,1,19
design_58_seq_0,design_02,0.0,6,3,True,False,nan,0,0,3,"22,26,32"
design_58_seq_0,design_01,2.0,6,0,False,False,nan,0,0,0,
design_58_seq_0,design_01,1.0,6,0,False,False,nan,0,0,0,
design_58_seq_0,design_00,0.0,6,1,True,False,nan,0,0,1,22
design_58_seq_0,design_02,2.0,6,3,True,False,nan,0,0,3,"22,26,32"
design_58_seq_0,design_00,1.0,6,1,True,False,nan,0,0,1,22
design_58_seq_1,design_00,2.0,3,0,False,False,nan,0,0,0,
design_58_seq_1,design_00,1.0,3,0,False,False,nan,0,0,0,
design_58_seq_1,design_00,0.0,3,0,False,False,nan,0,0,0,
design_58_seq_1,design_01,0.0,3,2,True,False,nan,0,0,2,"18,32"
design_58_seq_1,design_02,2.0,3,3,True,False,nan,0,0,3,"7,22,32"
design_58_seq_1,design_02,0.0,3,2,True,False,nan,0,0,2,"7,22"
design_58_seq_1,design_02,1.0,3,3,True,False,nan,0,0,3,"7,22,32"
design_58_seq_1,design_01,1.0,3,2,True,False,nan,0,0,2,"18,32"
design_58_seq_1,design_01,2.0,3,2,True,False,nan,0,0,2,"18,32"
design_59_seq_0,design_01,0.0,3,2,True,False,nan,0,0,2,"59,64"
design_59_seq_0,design_01,2.0,3,2,True,False,nan,0,0,2,"59,64"
design_59_seq_0,design_01,1.0,3,2,True,False,nan,0,0,2,"59,64"
design_59_seq_0,design_00,1.0,3,1,True,False,nan,0,0,1,7
design_59_seq_0,design_00,0.0,3,1,True,False,nan,0,0,1,7
design_59_seq_0,design_02,1.0,3,0,False,False,nan,0,0,0,
design_59_seq_0,design_02,0.0,3,0,False,False,nan,0,0,0,
design_59_seq_0,design_02,2.0,3,0,False,False,nan,0,0,0,
design_59_seq_0,design_00,2.0,3,0,False,False,nan,0,0,0,
design_60_seq_0,design_00,2.0,3,2,True,False,nan,0,0,2,"5,26"
design_60_seq_0,design_00,0.0,3,2,True,False,nan,0,0,2,"5,26"
design_60_seq_0,design_02,1.0,3,2,True,False,nan,0,0,2,"5,22"
design_60_seq_0,design_02,0.0,3,2,True,False,nan,0,0,2,"5,22"
design_60_seq_0,design_00,1.0,3,2,True,False,nan,0,0,2,"5,26"
design_60_seq_0,design_02,2.0,3,2,True,False,nan,0,0,2,"5,22"
design_60_seq_0,design_01,2.0,3,3,True,False,nan,0,0,3,"18,22,26"
design_60_seq_0,design_01,0.0,3,1,True,False,nan,0,0,1,18
design_60_seq_0,design_01,1.0,3,1,True,False,nan,0,0,1,18
design_60_seq_1,design_00,2.0,6,2,True,False,nan,0,0,2,"7,32"
design_60_seq_1,design_01,1.0,6,4,True,False,nan,0,0,4,"5,7,9,32"
design_60_seq_1,design_01,0.0,6,6,True,False,nan,0,0,6,"5,7,9,22,26,32"
design_60_seq_1,design_02,1.0,6,6,True,False,nan,0,0,6,"5,7,9,18,22,32"
design_60_seq_1,design_02,2.0,6,6,True,False,nan,0,0,6,"5,7,9,18,22,32"
design_60_seq_1,design_02,0.0,6,5,True,False,nan,0,0,5,"7,9,18,22,32"
design_60_seq_1,design_00,1.0,6,6,True,False,nan,0,0,6,"5,7,9,18,26,32"
design_60_seq_1,design_01,2.0,6,4,True,True,nan,0,0,4,"5,7,9,22"
design_60_seq_1,design_00,0.0,6,4,True,False,nan,0,0,4,"5,7,9,32"
design_61_seq_0,design_00,2.0,6,5,True,False,nan,0,0,5,"5,18,19,23,32"
design_61_seq_0,design_00,0.0,6,4,True,False,nan,0,0,4,"5,19,23,32"
design_61_seq_0,design_02,0.0,6,6,True,False,nan,0,0,6,"5,15,18,19,22,26"
design_61_seq_0,design_01,2.0,6,4,True,False,nan,0,0,4,"5,7,15,19"
design_61_seq_0,design_02,2.0,6,5,True,False,nan,0,0,5,"5,15,18,22,26"
design_61_seq_0,design_01,1.0,6,3,True,False,nan,0,0,3,"5,15,19"
design_61_seq_0,design_02,1.0,6,4,True,False,nan,0,0,4,"5,15,18,22"
design_61_seq_0,design_01,0.0,6,1,True,False,nan,0,0,1,15
design_61_seq_0,design_00,1.0,6,5,True,False,nan,0,0,5,"5,18,19,23,32"
design_61_seq_1,design_01,0.0,3,1,True,True,pose_collapses,0,0,1,32
design_61_seq_1,design_00,1.0,3,1,True,True,pose_collapses,0,0,1,32
design_61_seq_1,design_00,0.0,3,1,True,False,pose_collapses,0,0,1,32
design_61_seq_1,design_00,2.0,3,1,True,False,pose_collapses,0,0,1,32
design_61_seq_1,design_02,2.0,3,2,True,False,nan,0,0,2,"18,32"
design_61_seq_1,design_02,1.0,3,2,True,False,nan,0,0,2,"18,32"
design_61_seq_1,design_01,2.0,3,1,True,False,nan,0,0,1,32
design_61_seq_1,design_02,0.0,3,2,True,False,nan,0,0,2,"18,32"
design_61_seq_1,design_01,1.0,3,2,True,False,nan,0,0,2,"15,32"
design_62_seq_0,design_01,0.0,5,2,True,False,nan,0,0,2,"5,7"
design_62_seq_0,design_01,1.0,5,1,True,False,nan,0,0,1,7
design_62_seq_0,design_00,2.0,5,3,True,False,nan,0,0,3,"5,7,18"
design_62_seq_0,design_00,1.0,5,0,False,False,nan,0,0,0,
design_62_seq_0,design_02,1.0,5,0,False,False,nan,0,0,0,
design_62_seq_0,design_00,0.0,5,0,False,False,nan,0,0,0,
design_62_seq_0,design_02,0.0,5,1,True,False,nan,0,0,1,5
design_62_seq_0,design_01,2.0,5,0,False,False,nan,0,0,0,
design_62_seq_0,design_02,2.0,5,0,False,False,nan,0,0,0,
design_62_seq_1,design_00,0.0,6,2,True,False,nan,0,0,2,"5,9"
design_62_seq_1,design_01,1.0,6,1,True,False,nan,0,0,1,9
design_62_seq_1,design_01,2.0,6,1,True,False,nan,0,0,1,9
design_62_seq_1,design_00,2.0,6,1,True,False,nan,0,0,1,9
design_62_seq_1,design_02,1.0,6,1,True,False,nan,0,0,1,9
design_62_seq_1,design_00,1.0,6,1,True,False,nan,0,0,1,9
design_62_seq_1,design_01,0.0,6,2,True,False,nan,0,0,2,"5,9"
design_62_seq_1,design_02,2.0,6,0,False,False,nan,0,0,0,
design_62_seq_1,design_02,0.0,6,1,True,False,nan,0,0,1,9
design_63_seq_0,design_00,0.0,6,1,True,False,pose_collapses,0,0,1,7
design_63_seq_0,design_00,1.0,6,1,True,False,pose_collapses,0,0,1,7
design_63_seq_0,design_02,0.0,6,4,True,False,pose_collapses,0,0,4,"2,7,9,32"
design_63_seq_0,design_00,2.0,6,1,True,False,nan,0,0,1,7
design_63_seq_0,design_02,2.0,6,2,True,False,nan,0,0,2,"7,9"
design_63_seq_0,design_01,1.0,6,5,True,False,nan,0,0,5,"7,9,22,26,32"
design_63_seq_0,design_01,0.0,6,5,True,False,nan,0,0,5,"7,9,22,26,32"
design_63_seq_0,design_01,2.0,6,5,True,False,nan,0,0,5,"7,9,22,26,32"
design_63_seq_0,design_02,1.0,6,3,True,False,nan,0,0,3,"2,7,32"
design_63_seq_1,design_02,2.0,6,6,True,False,nan,0,0,6,"5,7,9,22,26,32"
design_63_seq_1,design_02,0.0,6,6,True,False,nan,0,0,6,"5,7,9,22,26,32"
design_63_seq_1,design_02,1.0,6,6,True,False,nan,0,0,6,"5,7,9,22,26,32"
design_63_seq_1,design_01,0.0,6,2,True,False,nan,0,0,2,"7,9"
design_63_seq_1,design_00,2.0,6,1,True,False,nan,0,0,1,9
design_63_seq_1,design_01,2.0,6,2,True,False,nan,0,0,2,"7,9"
design_63_seq_1,design_01,1.0,6,2,True,False,nan,0,0,2,"7,9"
design_63_seq_1,design_00,0.0,6,1,True,False,nan,0,0,1,9
design_63_seq_1,design_00,1.0,6,0,False,False,nan,0,0,0,
design_7_seq_0,design_01,0.0,6,4,True,True,pose_collapses,0,0,4,"5,7,9,68"
design_7_seq_0,design_01,1.0,6,4,True,True,pose_collapses,0,0,4,"5,7,32,68"
design_7_seq_0,design_00,0.0,6,3,True,False,pose_collapses,0,0,3,"9,32,68"
design_7_seq_0,design_00,2.0,6,3,True,False,nan,0,0,3,"9,32,68"
design_7_seq_0,design_01,2.0,6,3,True,False,nan,0,0,3,"5,7,9"
design_7_seq_0,design_02,2.0,6,0,False,False,nan,0,0,0,
design_7_seq_0,design_02,1.0,6,1,True,False,nan,0,0,1,9
design_7_seq_0,design_00,1.0,6,3,True,True,nan,0,0,3,"9,32,68"
design_7_seq_0,design_02,0.0,6,1,True,False,nan,0,0,1,18
design_7_seq_1,design_00,0.0,6,0,False,True,nan,0,0,0,
design_7_seq_1,design_02,1.0,6,2,True,True,pose_collapses,0,0,2,"18,32"
design_7_seq_1,design_02,2.0,6,1,True,True,pose_collapses,0,0,1,32
design_7_seq_1,design_01,0.0,6,0,False,False,nan,0,0,0,
design_7_seq_1,design_01,1.0,6,0,False,False,nan,0,0,0,
design_7_seq_1,design_00,1.0,6,0,False,False,nan,0,0,0,
design_7_seq_1,design_02,0.0,6,0,False,False,nan,0,0,0,
design_7_seq_1,design_00,2.0,6,0,False,False,nan,0,0,0,
design_7_seq_1,design_01,2.0,6,0,False,False,nan,0,0,0,
design_8_seq_0,design_00,1.0,3,1,True,True,nan,0,0,1,5
design_8_seq_0,design_01,0.0,3,0,False,True,nan,0,0,0,
design_8_seq_0,design_02,2.0,3,2,True,True,pose_collapses,0,0,2,"5,7"
design_8_seq_0,design_00,0.0,3,1,True,True,pose_collapses,0,0,1,5
design_8_seq_0,design_02,0.0,3,2,True,True,pose_collapses,0,0,2,"5,7"
design_8_seq_0,design_02,1.0,3,2,True,True,pose_collapses,0,0,2,"5,7"
design_8_seq_0,design_00,2.0,3,3,True,False,pose_collapses,0,0,3,"5,26,32"
design_8_seq_0,design_01,1.0,3,0,False,False,nan,0,0,0,
design_8_seq_0,design_01,2.0,3,1,True,True,nan,0,0,1,32
design_8_seq_1,design_00,0.0,3,0,False,False,nan,0,0,0,
design_8_seq_1,design_00,1.0,3,0,False,False,nan,0,0,0,
design_8_seq_1,design_02,2.0,3,0,False,False,nan,0,0,0,
design_8_seq_1,design_02,1.0,3,0,False,False,nan,0,0,0,
design_8_seq_1,design_01,0.0,3,2,True,False,nan,0,0,2,"0,49"
design_8_seq_1,design_01,2.0,3,0,False,False,nan,0,0,0,
design_8_seq_1,design_02,0.0,3,0,False,False,nan,0,0,0,
design_8_seq_1,design_00,2.0,3,0,False,False,nan,0,0,0,
design_8_seq_1,design_01,1.0,3,0,False,False,nan,0,0,0,
design_9_seq_0,design_01,1.0,3,0,False,True,nan,0,0,0,
design_9_seq_0,design_01,0.0,3,1,True,True,pose_collapses,0,0,1,75
design_9_seq_0,design_02,1.0,3,2,True,False,nan,0,0,2,"7,64"
design_9_seq_0,design_02,0.0,3,1,True,False,nan,0,0,1,7
design_9_seq_0,design_00,0.0,3,1,True,False,nan,0,0,1,73
design_9_seq_0,design_01,2.0,3,0,False,False,nan,0,0,0,
design_9_seq_0,design_00,2.0,3,0,False,False,nan,0,0,0,
design_9_seq_0,design_00,1.0,3,0,False,False,nan,0,0,0,
design_9_seq_0,design_02,2.0,3,0,False,False,nan,0,0,0,
design_9_seq_1,design_02,1.0,6,4,True,False,nan,0,0,4,"16,18,19,22"
design_9_seq_1,design_00,2.0,6,3,True,False,nan,0,0,3,"18,22,32"
design_9_seq_1,design_00,1.0,6,3,True,False,nan,0,0,3,"18,22,32"
design_9_seq_1,design_00,0.0,6,4,True,False,nan,0,0,4,"18,22,26,32"
design_9_seq_1,design_01,1.0,6,2,True,False,nan,0,0,2,"18,32"
design_9_seq_1,design_01,0.0,6,2,True,False,nan,0,0,2,"18,32"
design_9_seq_1,design_01,2.0,6,2,True,False,nan,0,0,2,"18,32"
design_9_seq_1,design_02,0.0,6,1,True,False,nan,0,0,1,18
design_9_seq_1,design_02,2.0,6,1,True,False,nan,0,0,1,18
