unit,design,base,status,kind,seed_index,n_mutations,ra_eff,reverted_ra_eff_vs_truth,reversion_verdict,steered_n_contacts_on_mutated_positions,steered_receptor_intact,complex_plddt,interface_plddt,iptm,ptm,ipsae_min,true_jaccard
5A6W,initial,initial,initial,cold_start,,0,20.57,,,0,1,89.87,86.31,0.2128,0.5316,0.0,0.4516129032258064
5A6W,design_04_s0,design_04,ok,steered,0.0,3,1.068,,,0,1,89.33,84.72,0.6979,0.7921,0.2221,0.88
5A6W,design_07_s0,design_07,ok,steered,0.0,3,1.605,,,0,1,74.53999999999999,66.94,0.52,0.6846,0.0777,0.8846153846153846
5A6W,design_13_s2,design_13,ok,steered,2.0,3,1.623,,,0,1,74.57000000000001,68.85,0.6873,0.7881,0.2369,0.88
5A6W,design_09_s0,design_09,ok,steered,0.0,3,1.425,,,0,1,78.33,69.89,0.3907,0.5914,0.0026,0.8518518518518519
5A6W,design_17_s0,design_17,ok,steered,0.0,3,1.535,,,0,1,79.34,69.67,0.4171,0.6247,0.0029,0.8461538461538461
5A6W,design_07_s1,design_07,ok,steered,1.0,3,1.713,,,0,1,73.76,65.7,0.471,0.655,0.0032,0.8518518518518519
5A6W,design_17_s2,design_17,ok,steered,2.0,3,2.375,,,0,1,81.44,73.35000000000001,0.4258,0.6303,0.0032,0.8846153846153846
5A6W,design_09_s1,design_09,ok,steered,1.0,3,1.548,,,0,1,79.11,70.28,0.3326,0.5498,0.0,0.8148148148148148
5A6W,design_16_s2,design_16,ok,steered,2.0,3,1.692,0.992,pose_holds,1,1,89.02,83.8,0.7195,0.8154,0.2855,0.7777777777777778
5A6W,design_09_s2,design_09,ok,steered,2.0,3,2.262,,,0,1,80.34,71.75,0.3409,0.5607,0.0,0.84
5A6W,design_16_s0,design_16,ok,steered,0.0,3,0.952,1.019,pose_holds,1,1,90.31,85.92999999999999,0.7711,0.8434,0.3715,0.7407407407407407
5A6W,design_19_s1,design_19,ok,steered,1.0,3,1.789,,,0,1,81.32000000000001,73.41,0.5955,0.7493,0.1324,0.7777777777777778
5A6W,design_17_s1,design_17,ok,steered,1.0,3,2.127,,,0,1,79.03999999999999,69.69,0.3867,0.6009,0.0028,0.7777777777777778
5A6W,design_03_s0,design_03,ok,steered,0.0,3,1.513,0.737,pose_holds,2,1,84.69,80.33,0.555,0.7258,0.0987,0.6785714285714286
5A6W,design_16_s1,design_16,ok,steered,1.0,3,0.982,1.552,pose_holds,1,1,90.62,86.76,0.6705,0.7825,0.2199,0.7037037037037037
5A6W,design_03_s2,design_03,ok,steered,2.0,3,1.334,14.921,pose_collapses,2,1,85.54,79.24,0.7531,0.8328,0.2958,0.7407407407407407
5A6W,design_06_s1,design_06,ok,steered,1.0,3,1.541,15.542,pose_collapses,1,1,81.72,77.07000000000001,0.7835,0.8483,0.3524,0.7692307692307693
5A6W,design_03_s1,design_03,ok,steered,1.0,3,1.622,15.161,pose_collapses,2,1,83.5,78.93,0.4999,0.6862,0.0452,0.7407407407407407
5A6W,design_07_s2,design_07,ok,steered,2.0,3,1.778,20.036,pose_collapses,1,1,72.64,65.18,0.5849,0.7314,0.1294,0.75
5A6W,design_12_s2,design_12,ok,steered,2.0,3,3.151,27.0,pose_collapses,1,1,78.45,71.87,0.397,0.6212,0.0029,0.6785714285714286
5A6W,design_04_s1,design_04,ok,steered,1.0,3,9.066,,,1,1,87.26,81.24,0.6026,0.7411,0.1549,0.6333333333333333
5A6W,design_04_s2,design_04,ok,steered,2.0,3,9.875,,,1,1,87.33,82.50999999999999,0.7212,0.811,0.2707,0.5625
5A6W,design_18_s2,design_18,ok,steered,2.0,3,15.246,,,1,1,86.9,83.78999999999999,0.8478,0.8898,0.5373,0.4571428571428571
5A6W,design_18_s1,design_18,ok,steered,1.0,3,15.806,,,1,1,89.14999999999999,87.44,0.7859,0.8465,0.3836,0.3888888888888889
5A6W,design_06_s0,design_06,ok,steered,0.0,3,16.051,,,3,1,84.23,78.79,0.4646,0.6643,0.0027,0.5294117647058824
5A6W,design_11_s1,design_11,ok,steered,1.0,3,16.069,,,3,1,88.5,82.72,0.4801,0.673,0.003,0.5454545454545454
5A6W,design_06_s2,design_06,ok,steered,2.0,3,16.149,,,3,1,85.94000000000001,80.60000000000001,0.5705,0.7367,0.0895,0.5
5A6W,design_01_s1,design_01,ok,steered,1.0,3,16.171,,,3,1,81.94,75.87,0.4007,0.6337,0.0,0.5294117647058824
5A6W,design_11_s0,design_11,ok,steered,0.0,3,16.297,,,3,1,87.88,81.53,0.4043,0.6336,0.0,0.5454545454545454
5A6W,design_18_s0,design_18,ok,steered,0.0,3,16.506,,,2,1,90.16999999999999,87.32,0.8074,0.8618,0.4156,0.4722222222222222
5A6W,design_00_s1,design_00,ok,steered,1.0,3,17.396,,,3,1,83.73,76.41,0.3382,0.602,0.0,0.5
5A6W,design_00_s2,design_00,ok,steered,2.0,3,17.574,,,3,1,83.5,76.13,0.4768,0.6806,0.0029,0.4848484848484848
5A6W,design_12_s0,design_12,ok,steered,0.0,3,17.883,,,2,1,82.99,76.53999999999999,0.2804,0.5411,0.0,0.4285714285714285
5A6W,design_08_s2,design_08,ok,steered,2.0,3,18.463,,,3,1,83.17999999999999,76.23,0.2107,0.5194,0.0,0.4666666666666667
5A6W,design_01_s0,design_01,ok,steered,0.0,3,18.667,,,3,1,82.1,76.32,0.5518,0.7287,0.0517,0.4848484848484848
5A6W,design_00_s0,design_00,ok,steered,0.0,3,19.173,,,3,1,83.95,79.52,0.5649,0.7259,0.053,0.5
5A6W,design_02_s0,design_02,ok,steered,0.0,3,19.437,,,2,1,88.52,83.39999999999999,0.2543,0.5507,0.0,0.4375
5A6W,design_19_s2,design_19,ok,steered,2.0,3,19.444,,,3,1,90.44,88.2,0.4259,0.638,0.0,0.4117647058823529
5A6W,design_01_s2,design_01,ok,steered,2.0,3,19.451,,,3,1,83.45,78.32000000000001,0.3762,0.6142,0.0,0.3939393939393939
5A6W,design_02_s2,design_02,ok,steered,2.0,3,19.553,,,3,1,89.71000000000001,86.07000000000001,0.3185,0.5853,0.0,0.4117647058823529
5A6W,design_11_s2,design_11,ok,steered,2.0,3,19.793,,,3,1,90.85,87.1,0.2577,0.5611,0.0,0.40625
5A6W,design_08_s1,design_08,ok,steered,1.0,3,19.93,,,2,1,83.66,78.22,0.2063,0.5074,0.0,0.4838709677419355
5A6W,design_02_s1,design_02,ok,steered,1.0,3,20.303,,,2,1,89.49000000000001,85.15,0.2233,0.5247,0.0,0.40625
5A6W,design_19_s0,design_19,ok,steered,0.0,3,21.01,,,3,1,90.27,87.58,0.317,0.5767,0.0,0.4242424242424242
5A6W,design_15_s0,design_15,ok,steered,0.0,3,26.958,,,0,1,89.4,86.0,0.4931,0.6445,0.0402,0.5
5A6W,design_13_s1,design_13,ok,steered,1.0,3,27.084,,,2,1,75.06,68.74,0.2393,0.5217,0.0,0.2894736842105263
5A6W,design_05_s2,design_05,ok,steered,2.0,3,28.727,,,3,1,90.97,88.03999999999999,0.836,0.8479,0.3919,0.4516129032258064
5A6W,design_05_s0,design_05,ok,steered,0.0,3,28.744,,,3,1,89.96,86.39,0.8496,0.8719,0.4619,0.4666666666666667
5A6W,design_05_s1,design_05,ok,steered,1.0,3,28.922,,,3,1,91.56,89.31,0.8713,0.8827,0.5306,0.4375
5A6W,design_08_s0,design_08,ok,steered,0.0,3,29.06,,,2,1,80.25999999999999,72.04,0.5643,0.6679,0.0702,0.5806451612903226
5A6W,design_14_s1,design_14,ok,steered,1.0,3,29.148,,,2,1,88.87,86.06,0.8036,0.8398,0.4195,0.4838709677419355
5A6W,design_15_s1,design_15,ok,steered,1.0,3,29.398,,,2,1,88.77000000000001,86.83999999999999,0.7114,0.7737,0.2703,0.4375
5A6W,design_14_s2,design_14,ok,steered,2.0,3,29.565,,,2,1,88.97,85.5,0.7524,0.7839,0.2782,0.5
5A6W,design_14_s0,design_14,ok,steered,0.0,3,29.596,,,2,1,86.77,82.78999999999999,0.8173,0.849,0.4533,0.4666666666666667
5A6W,design_12_s1,design_12,ok,steered,1.0,3,25.278,,,2,0,91.16,90.82000000000001,0.5383,0.6344,0.0561,0.4666666666666667
5A6W,design_15_s2,design_15,ok,steered,2.0,3,26.689,,,0,0,88.75,85.44,0.4944,0.6523,0.0365,0.5666666666666667
5A6W,design_13_s0,design_13,ok,steered,0.0,3,27.274,,,3,0,72.63,63.61,0.2119,0.4951,0.0,0.325
5A6W,design_10_s1,design_10,ok,steered,1.0,3,29.978,,,3,0,80.36,77.33,0.5158,0.6898,0.0545,0.3170731707317073
5A6W,design_10_s2,design_10,ok,steered,2.0,3,30.968,,,3,0,65.31,54.08,0.3446,0.601,0.0029,0.3
5A6W,design_10_s0,design_10,ok,steered,0.0,3,31.09,,,2,0,68.97999999999999,61.8,0.5102,0.6807,0.0508,0.3076923076923077
6FU9,initial,initial,initial,cold_start,0.0,0,4.616,,,0,1,90.01,90.57,0.7858,0.8344,0.4058,0.8
6FU9,initial_s1,initial,initial,cold_start,1.0,0,3.622,,,0,1,88.67,90.96,0.8604,0.8948,0.6336,0.8275862068965517
6FU9,initial_s2,initial,initial,cold_start,2.0,0,4.06,,,0,1,86.99,89.2,0.6901,0.7843,0.2669,0.8275862068965517
6FUB,initial,initial,initial,cold_start,,0,7.053,,,0,1,90.47,92.47999999999999,0.8864,0.9043,0.7702,0.7777777777777778
6FUB,design_02_s1,design_02,ok,steered,1.0,2,3.321,4.936,pose_holds,2,1,87.58,89.9,0.8674,0.8893,0.7037,0.8214285714285714
6FUB,design_11_s2,design_11,ok,steered,2.0,2,4.728,10.603,pose_collapses,2,1,85.9,86.91,0.8756,0.8954,0.7435,0.8214285714285714
6FUB,design_06_s2,design_06,ok,steered,2.0,2,5.164,,,2,1,86.46000000000001,88.31,0.8708,0.8915,0.6879,0.7777777777777778
6FUB,design_00_s1,design_00,ok,steered,1.0,2,5.401,,,2,1,86.42999999999999,88.3,0.8692,0.8922,0.7248,0.7931034482758621
6FUB,design_09_s2,design_09,ok,steered,2.0,2,5.61,,,2,1,87.86,89.68,0.8724,0.8918,0.7314,0.8518518518518519
6FUB,design_01_s0,design_01,ok,steered,0.0,2,5.678,,,2,1,86.88,89.33,0.8936,0.9067,0.7896,0.7857142857142857
6FUB,design_09_s0,design_09,ok,steered,0.0,2,5.952,,,2,1,87.48,89.27000000000001,0.8704,0.8922,0.7195,0.7241379310344828
6FUB,design_06_s1,design_06,ok,steered,1.0,2,5.955,,,2,1,87.35000000000001,89.57000000000001,0.8565,0.8847,0.6829,0.7857142857142857
6FUB,design_04_s2,design_04,ok,steered,2.0,2,5.992,,,2,1,87.22,88.69,0.8638,0.8887,0.7124,0.7241379310344828
6FUB,design_07_s0,design_07,ok,steered,0.0,2,6.061,,,2,1,87.63,88.8,0.856,0.8843,0.6862,0.8214285714285714
6FUB,design_09_s1,design_09,ok,steered,1.0,2,6.061,,,2,1,85.32,86.33999999999999,0.837,0.8726,0.6076,0.75
6FUB,design_00_s0,design_00,ok,steered,0.0,2,6.552,,,1,1,86.7,89.31,0.8712,0.8916,0.727,0.7857142857142857
6FUB,design_03_s1,design_03,ok,steered,1.0,2,6.833,,,2,1,86.4,89.08,0.8319,0.865,0.618,0.7777777777777778
6FUB,design_00_s2,design_00,ok,steered,2.0,2,6.923,,,1,1,86.22999999999999,88.69,0.8742,0.8936,0.7398,0.75
6FUB,design_01_s1,design_01,ok,steered,1.0,2,7.074,,,2,1,86.38,88.7,0.8752,0.8923,0.7409,0.75
6FUB,design_03_s2,design_03,ok,steered,2.0,2,7.081,,,2,1,85.58,87.45,0.8772,0.8962,0.729,0.8214285714285714
6FUB,design_02_s2,design_02,ok,steered,2.0,2,7.469,,,2,1,87.33999999999999,89.83,0.8866,0.9031,0.7611,0.7857142857142857
6FUB,design_01_s2,design_01,ok,steered,2.0,2,7.685,,,1,1,87.09,90.05,0.8795,0.8982,0.7564,0.7777777777777778
6FUB,design_06_s0,design_06,ok,steered,0.0,2,7.886,,,2,1,87.33999999999999,89.67,0.8757,0.8952,0.731,0.75
6FUB,design_11_s1,design_11,ok,steered,1.0,2,8.08,,,1,1,85.64,87.22999999999999,0.8594,0.8843,0.6888,0.7777777777777778
6FUB,design_05_s2,design_05,ok,steered,2.0,2,8.35,,,2,1,87.68,90.05,0.8853,0.9026,0.7674,0.8148148148148148
6FUB,design_02_s0,design_02,ok,steered,0.0,2,8.448,,,2,1,87.61,90.14,0.8939,0.9082,0.7838,0.75
6FUB,design_04_s0,design_04,ok,steered,0.0,2,8.967,,,2,1,86.92,89.28,0.8801,0.8997,0.75,0.7857142857142857
6FUB,design_07_s2,design_07,ok,steered,2.0,2,8.279,,,2,0,86.02,87.82,0.8317,0.8693,0.5896,0.7857142857142857
6FUB,design_10_s1,design_10,ok,steered,1.0,2,8.869,,,2,0,87.69,89.38000000000001,0.8714,0.8956,0.7286,0.7857142857142857
6FUB,design_10_s2,design_10,ok,steered,2.0,2,9.26,,,2,0,86.6,88.47,0.8693,0.8909,0.7053,0.7857142857142857
6FUB,design_08_s0,design_08,ok,steered,0.0,2,9.298,,,2,0,87.03999999999999,89.95,0.8795,0.8973,0.7502,0.75
6FUB,design_03_s0,design_03,ok,steered,0.0,2,9.494,,,2,0,85.78,87.6,0.8761,0.8943,0.7378,0.7931034482758621
6FUB,design_10_s0,design_10,ok,steered,0.0,2,9.575,,,2,0,87.45,89.55,0.8774,0.899,0.7395,0.7142857142857143
6FUB,design_05_s0,design_05,ok,steered,0.0,2,9.593,,,2,0,87.83999999999999,90.49000000000001,0.8875,0.9038,0.7694,0.75
6FUB,design_04_s1,design_04,ok,steered,1.0,2,9.842,,,2,0,86.48,88.74,0.879,0.8968,0.7474,0.7586206896551724
6FUB,design_11_s0,design_11,ok,steered,0.0,2,9.972,,,2,0,84.72,86.35000000000001,0.8479,0.8754,0.655,0.7857142857142857
6FUB,design_08_s1,design_08,ok,steered,1.0,2,10.105,,,2,0,88.75999999999999,90.45,0.865,0.8833,0.7172,0.7857142857142857
6FUB,design_08_s2,design_08,ok,steered,2.0,2,10.337,,,2,0,87.33999999999999,90.16999999999999,0.9093,0.9119,0.7865,0.5882352941176471
6FUB,design_05_s1,design_05,ok,steered,1.0,2,11.069,,,2,0,87.45,89.61,0.8333,0.87,0.6023,0.7857142857142857
6FUB,design_07_s1,design_07,ok,steered,1.0,2,11.221,,,2,0,86.06,88.42,0.8571,0.8879,0.686,0.8214285714285714
6FUD,initial,initial,initial,cold_start,0.0,0,1.772,,,0,1,90.36999999999999,90.38000000000001,0.6465,0.7656,0.1837,0.8846153846153846
6FUD,initial_s1,initial,initial,cold_start,1.0,0,1.59,,,0,1,91.4,90.84,0.4928,0.6721,0.0417,0.92
6FUD,initial_s2,initial,initial,cold_start,2.0,0,1.345,,,0,1,91.21000000000001,91.83,0.7055,0.8035,0.2551,0.8076923076923077
6G10,initial,initial,initial,cold_start,0.0,0,2.775,,,0,1,89.36,87.42999999999999,0.8553,0.8723,0.6074,0.8518518518518519
6G10,initial_s2,initial,initial,cold_start,2.0,0,3.408,,,0,1,86.64,84.86,0.8284,0.846,0.5029,0.7931034482758621
6G10,initial_s1,initial,initial,cold_start,1.0,0,2.912,,,0,1,89.67,88.11,0.8887,0.8961,0.6791,0.7666666666666667
6G11,initial,initial,initial,cold_start,0.0,0,2.163,,,0,1,93.02,90.7,0.7527,0.8218,0.3434,0.8148148148148148
6G11,initial_s2,initial,initial,cold_start,2.0,0,2.061,,,0,1,92.03,89.19,0.6391,0.7604,0.1904,0.8461538461538461
6G11,initial_s1,initial,initial,cold_start,1.0,0,2.394,,,0,1,93.17,90.95,0.7861,0.8448,0.3962,0.8148148148148148
6Q76,initial,initial,initial,cold_start,0.0,0,4.123,,,0,1,86.99,87.62,0.8799,0.8973,0.6919,0.8
6Q76,initial_s2,initial,initial,cold_start,2.0,0,2.621,,,0,1,86.83999999999999,86.81,0.8978,0.9084,0.7179,0.8571428571428571
6Q76,initial_s1,initial,initial,cold_start,1.0,0,3.939,,,0,1,87.9,88.5,0.9027,0.9161,0.7517,0.8666666666666667
6R8K,initial,initial,initial,cold_start,,0,12.328,,,0,1,85.72,81.8,0.5197,0.6985,0.0459,0.4571428571428571
6R8K,design_15_s2,design_15,ok,steered,2.0,3,1.654,,,0,1,93.74,91.36,0.7547,0.8281,0.2947,0.8214285714285714
6R8K,design_00_s1,design_00,ok,steered,1.0,3,1.139,3.01,pose_holds,1,1,92.06,89.89,0.6883,0.7938,0.2083,0.8571428571428571
6R8K,design_14_s2,design_14,ok,steered,2.0,3,1.378,2.108,pose_holds,1,1,89.0,84.34,0.589,0.7286,0.1399,0.7931034482758621
6R8K,design_16_s2,design_16,ok,steered,2.0,3,1.68,3.308,pose_holds,1,1,90.39,87.22,0.6185,0.7395,0.1753,0.8275862068965517
6R8K,design_16_s0,design_16,ok,steered,0.0,3,2.76,3.042,pose_holds,1,1,91.64999999999999,88.69,0.6496,0.7534,0.1916,0.8
6R8K,design_00_s2,design_00,ok,steered,2.0,3,2.437,2.98,pose_holds,1,1,91.71000000000001,89.35,0.789,0.8521,0.3528,0.7931034482758621
6R8K,design_03_s0,design_03,ok,steered,0.0,3,3.466,2.676,pose_holds,1,1,89.14999999999999,86.15,0.6943,0.7743,0.2664,0.7666666666666667
6R8K,design_16_s1,design_16,ok,steered,1.0,3,2.246,3.236,pose_holds,1,1,91.33,88.4,0.6195,0.7373,0.1719,0.7931034482758621
6R8K,design_04_s1,design_04,ok,steered,1.0,3,4.072,2.998,pose_holds,1,1,84.25,83.16,0.5464,0.6607,0.1343,0.7666666666666667
6R8K,design_09_s1,design_09,ok,steered,1.0,3,2.673,,,0,1,77.66999999999999,73.21,0.3999,0.6123,0.0029,0.75
6R8K,design_06_s0,design_06,ok,steered,0.0,3,3.108,2.555,pose_holds,2,1,92.9,91.13,0.5412,0.6838,0.088,0.7419354838709677
6R8K,design_10_s0,design_10,ok,steered,0.0,3,3.354,2.96,pose_holds,1,1,85.6,82.25,0.3193,0.5358,0.0,0.7419354838709677
6R8K,design_05_s2,design_05,ok,steered,2.0,3,3.347,,,0,1,82.63000000000001,80.41,0.7985,0.8594,0.4594,0.7586206896551724
6R8K,design_10_s2,design_10,ok,steered,2.0,3,3.352,2.396,pose_holds,1,1,86.92999999999999,83.24000000000001,0.4308,0.627,0.0029,0.7096774193548387
6R8K,design_09_s0,design_09,ok,steered,0.0,3,2.759,,,0,1,79.78,76.17,0.4472,0.6364,0.0182,0.71875
6R8K,design_07_s0,design_07,ok,steered,0.0,3,3.621,2.599,pose_holds,2,1,75.25,67.64,0.3632,0.575,0.0028,0.7096774193548387
6R8K,design_01_s2,design_01,ok,steered,2.0,3,3.267,,,0,1,87.31,83.93,0.8196,0.8494,0.4746,0.7419354838709677
6R8K,design_03_s1,design_03,ok,steered,1.0,3,3.314,3.113,pose_holds,1,1,88.02,85.82,0.583,0.7051,0.1547,0.7333333333333333
6R8K,design_05_s1,design_05,ok,steered,1.0,3,3.389,,,0,1,80.64,77.13,0.7055,0.7985,0.2697,0.7419354838709677
6R8K,design_01_s1,design_01,ok,steered,1.0,3,2.791,,,0,1,88.46000000000001,85.17,0.8356,0.8641,0.5126,0.7096774193548387
6R8K,design_04_s0,design_04,ok,steered,0.0,3,3.082,2.352,pose_holds,1,1,86.89,85.72,0.7842,0.8225,0.3786,0.6875
6R8K,design_04_s2,design_04,ok,steered,2.0,3,3.197,2.796,pose_holds,1,1,87.63,86.35000000000001,0.7461,0.7926,0.3117,0.7096774193548387
6R8K,design_03_s2,design_03,ok,steered,2.0,3,3.315,2.836,pose_holds,1,1,87.16000000000001,82.94,0.5517,0.6892,0.1274,0.7096774193548387
6R8K,design_09_s2,design_09,ok,steered,2.0,3,2.895,,,0,1,81.53,79.17,0.4876,0.6663,0.0543,0.7096774193548387
6R8K,design_02_s0,design_02,ok,steered,0.0,3,4.72,2.599,pose_holds,2,1,81.97,78.72,0.6332,0.7215,0.1968,0.6875
6R8K,design_05_s0,design_05,ok,steered,0.0,3,2.873,,,0,1,80.31,75.52,0.6048,0.7422,0.1546,0.7
6R8K,design_10_s1,design_10,ok,steered,1.0,3,3.277,2.706,pose_holds,1,1,85.74000000000001,82.46,0.3758,0.5892,0.0026,0.6774193548387096
6R8K,design_19_s0,design_19,ok,steered,0.0,3,3.741,3.582,pose_holds,2,1,77.84,72.96000000000001,0.4781,0.6567,0.0265,0.7096774193548387
6R8K,design_07_s1,design_07,ok,steered,1.0,3,2.434,3.247,pose_holds,2,1,73.68,69.33,0.4513,0.6408,0.0089,0.6875
6R8K,design_06_s2,design_06,ok,steered,2.0,3,2.827,3.125,pose_holds,2,1,93.88,92.25999999999999,0.69,0.7867,0.2014,0.6774193548387096
6R8K,design_06_s1,design_06,ok,steered,1.0,3,3.272,3.376,pose_holds,2,1,93.74,91.88,0.6272,0.7509,0.1495,0.6774193548387096
6R8K,design_19_s1,design_19,ok,steered,1.0,3,3.01,3.016,pose_holds,2,1,85.06,81.89,0.7112,0.7734,0.2987,0.65625
6R8K,design_18_s0,design_18,ok,steered,0.0,3,4.366,,,0,1,81.81,79.11,0.7468,0.7992,0.305,0.71875
6R8K,design_18_s1,design_18,ok,steered,1.0,3,3.488,,,0,1,83.76,82.39999999999999,0.7748,0.8153,0.3784,0.625
6R8K,design_14_s0,design_14,ok,steered,0.0,3,1.757,10.087,pose_collapses,1,1,86.6,82.19,0.542,0.6992,0.0858,0.7931034482758621
6R8K,design_14_s1,design_14,ok,steered,1.0,3,1.771,21.19,pose_collapses,1,1,86.53999999999999,81.55,0.54,0.6879,0.0776,0.8
6R8K,design_15_s1,design_15,ok,steered,1.0,3,1.782,26.251,pose_collapses,1,1,94.16,92.34,0.7426,0.8218,0.2883,0.7931034482758621
6R8K,design_17_s0,design_17,ok,steered,0.0,3,1.866,28.0,pose_collapses,1,1,86.86,84.72,0.8615,0.9009,0.6585,0.7931034482758621
6R8K,design_15_s0,design_15,ok,steered,0.0,3,2.16,28.333,pose_collapses,1,1,94.15,92.25999999999999,0.7834,0.8438,0.3483,0.7931034482758621
6R8K,design_17_s2,design_17,ok,steered,2.0,3,2.174,27.834,pose_collapses,1,1,85.68,81.5,0.7941,0.8581,0.4763,0.7666666666666667
6R8K,design_00_s0,design_00,ok,steered,0.0,3,2.364,27.246,pose_collapses,1,1,91.91,89.48,0.7169,0.806,0.235,0.7931034482758621
6R8K,design_13_s1,design_13,ok,steered,1.0,3,2.978,19.38,pose_collapses,2,1,88.32,84.66,0.5744,0.6948,0.1195,0.7333333333333333
6R8K,design_07_s2,design_07,ok,steered,2.0,3,3.032,5.148,pose_collapses,2,1,76.1,72.87,0.6012,0.7136,0.1616,0.6875
6R8K,design_19_s2,design_19,ok,steered,2.0,3,3.243,5.258,pose_collapses,2,1,86.13,84.3,0.7126,0.7786,0.2976,0.7741935483870968
6R8K,design_02_s2,design_02,ok,steered,2.0,3,5.565,,,2,1,85.5,83.50999999999999,0.693,0.7673,0.2437,0.6666666666666666
6R8K,design_18_s2,design_18,ok,steered,2.0,3,5.915,,,0,1,83.43,81.89,0.6505,0.7314,0.2485,0.6875
6R8K,design_02_s1,design_02,ok,steered,1.0,3,6.087,,,2,1,79.83,76.3,0.687,0.758,0.222,0.6875
6R8K,design_12_s1,design_12,ok,steered,1.0,3,6.281,,,1,1,83.49,76.99000000000001,0.3837,0.6113,0.0028,0.7
6R8K,design_01_s0,design_01,ok,steered,0.0,3,7.704,,,0,1,84.1,81.83,0.7975,0.8591,0.4846,0.59375
6R8K,design_12_s2,design_12,ok,steered,2.0,3,15.584,,,1,1,83.02000000000001,75.22999999999999,0.3287,0.5749,0.0,0.4166666666666667
6R8K,design_13_s0,design_13,ok,steered,0.0,3,18.838,,,2,1,84.65,78.58000000000001,0.2198,0.5066,0.0,0.4324324324324324
6R8K,design_13_s2,design_13,ok,steered,2.0,3,18.876,,,2,1,88.22,83.85000000000001,0.3414,0.5759,0.0,0.4210526315789473
6R8K,design_12_s0,design_12,ok,steered,0.0,3,21.631,,,1,1,81.56,77.75,0.2126,0.4939,0.0,0.4324324324324324
6R8K,design_11_s2,design_11,ok,steered,2.0,3,26.534,,,2,1,81.76,75.33,0.7135,0.7699,0.2251,0.65625
6R8K,design_17_s1,design_17,ok,steered,1.0,3,28.018,,,2,1,86.3,82.56,0.6752,0.7173,0.1896,0.5588235294117647
6R8K,design_11_s1,design_11,ok,steered,1.0,3,28.085,,,1,1,79.03,72.44,0.5591,0.6399,0.1268,0.5714285714285714
6R8K,design_11_s0,design_11,ok,steered,0.0,3,28.739,,,1,1,80.25999999999999,75.22,0.6073,0.6886,0.1757,0.5882352941176471
6R8K,design_08_s1,design_08,ok,steered,1.0,3,7.44,,,1,0,69.78999999999999,64.60000000000001,0.3007,0.5409,0.0025,0.5142857142857142
6R8K,design_08_s2,design_08,ok,steered,2.0,3,8.652,,,1,0,70.65,65.75999999999999,0.4809,0.6664,0.0148,0.5405405405405406
6R8K,design_08_s0,design_08,ok,steered,0.0,3,9.092,,,1,0,69.12,63.190000000000005,0.2542,0.5055,0.0,0.6111111111111112
6R8M,initial,initial,initial,cold_start,,0,16.576,,,0,1,83.87,76.21,0.353,0.5979,0.0,0.5882352941176471
6R8M,design_01_s2,design_01,ok,steered,2.0,3,1.527,,,0,1,88.86,86.17,0.8426,0.8619,0.5437,0.8275862068965517
6R8M,design_12_s0,design_12,ok,steered,0.0,3,2.123,,,0,1,86.04,82.3,0.7405,0.7985,0.2822,0.8333333333333334
6R8M,design_02_s1,design_02,ok,steered,1.0,3,1.972,2.162,pose_holds,1,1,92.03,90.36,0.8402,0.8692,0.4984,0.8275862068965517
6R8M,design_05_s2,design_05,ok,steered,2.0,3,2.216,,,0,1,88.34,85.95,0.8791,0.8833,0.6424,0.8275862068965517
6R8M,design_04_s1,design_04,ok,steered,1.0,3,2.303,,,0,1,85.25,77.97,0.7377,0.8126,0.3021,0.8275862068965517
6R8M,design_02_s2,design_02,ok,steered,2.0,3,2.312,2.307,pose_holds,1,1,91.47,89.05,0.8472,0.8682,0.5093,0.8275862068965517
6R8M,design_12_s2,design_12,ok,steered,2.0,3,2.529,,,0,1,86.75,83.6,0.7635,0.8171,0.3288,0.8333333333333334
6R8M,design_08_s1,design_08,ok,steered,1.0,3,2.052,1.864,pose_holds,1,1,88.57000000000001,85.46000000000001,0.4539,0.6268,0.0262,0.8
6R8M,design_16_s2,design_16,ok,steered,2.0,3,2.664,2.564,pose_holds,1,1,85.42,82.28,0.7617,0.8195,0.3201,0.8333333333333334
6R8M,design_13_s1,design_13,ok,steered,1.0,3,3.857,2.616,pose_holds,1,1,84.91,80.04,0.5545,0.696,0.0948,0.8333333333333334
6R8M,design_13_s2,design_13,ok,steered,2.0,3,2.602,2.675,pose_holds,1,1,83.91999999999999,77.3,0.606,0.73,0.1423,0.8275862068965517
6R8M,design_09_s2,design_09,ok,steered,2.0,3,1.884,,,0,1,87.35000000000001,85.07000000000001,0.4958,0.652,0.029,0.7857142857142857
6R8M,design_16_s1,design_16,ok,steered,1.0,3,1.846,2.065,pose_holds,1,1,91.57,89.68,0.7874,0.8283,0.3368,0.7931034482758621
6R8M,design_00_s0,design_00,ok,steered,0.0,3,2.81,1.541,pose_holds,1,1,87.02,85.28,0.6287,0.7253,0.1571,0.7666666666666667
6R8M,design_13_s0,design_13,ok,steered,0.0,3,2.693,2.106,pose_holds,1,1,82.82000000000001,76.16000000000001,0.443,0.622,0.0029,0.7931034482758621
6R8M,design_08_s2,design_08,ok,steered,2.0,3,2.66,1.661,pose_holds,1,1,90.03,87.82,0.6197,0.7246,0.1544,0.7666666666666667
6R8M,design_14_s1,design_14,ok,steered,1.0,3,2.492,,,0,1,86.92,83.07,0.6809,0.7484,0.2724,0.7931034482758621
6R8M,design_14_s2,design_14,ok,steered,2.0,3,2.792,,,0,1,89.33,86.25,0.8461,0.8698,0.572,0.8
6R8M,design_01_s0,design_01,ok,steered,0.0,3,2.134,,,0,1,88.62,85.50999999999999,0.8188,0.8456,0.4759,0.7666666666666667
6R8M,design_06_s2,design_06,ok,steered,2.0,3,2.744,,,0,1,86.35000000000001,81.25,0.822,0.8599,0.4802,0.7931034482758621
6R8M,design_16_s0,design_16,ok,steered,0.0,3,2.739,2.374,pose_holds,1,1,90.59,88.49000000000001,0.8815,0.8882,0.6241,0.7741935483870968
6R8M,design_08_s0,design_08,ok,steered,0.0,3,2.274,2.36,pose_holds,1,1,91.33,89.4,0.7715,0.8241,0.3233,0.7666666666666667
6R8M,design_01_s1,design_01,ok,steered,1.0,3,2.406,,,0,1,88.39,85.67,0.8024,0.8276,0.4367,0.7666666666666667
6R8M,design_10_s1,design_10,ok,steered,1.0,3,2.324,,,0,1,87.29,82.52000000000001,0.8416,0.8727,0.5461,0.7419354838709677
6R8M,design_04_s0,design_04,ok,steered,0.0,3,2.837,,,0,1,87.75,84.28999999999999,0.8551,0.8781,0.5591,0.7586206896551724
6R8M,design_17_s1,design_17,ok,steered,1.0,3,3.667,,,0,1,87.68,86.5,0.8614,0.8686,0.535,0.7931034482758621
6R8M,design_05_s1,design_05,ok,steered,1.0,3,2.582,,,1,1,87.06,84.7,0.8495,0.8569,0.5526,0.7333333333333333
6R8M,design_12_s1,design_12,ok,steered,1.0,3,3.528,,,0,1,82.24000000000001,78.03,0.5778,0.7069,0.125,0.7666666666666667
6R8M,design_04_s2,design_04,ok,steered,2.0,3,4.47,,,0,1,86.37,82.3,0.7931,0.8359,0.3988,0.75
6R8M,design_11_s2,design_11,ok,steered,2.0,3,3.509,,,0,1,89.79,88.14,0.8422,0.8611,0.524,0.7
6R8M,design_06_s0,design_06,ok,steered,0.0,3,2.447,4.359,pose_holds,1,1,85.76,81.17999999999999,0.8201,0.8556,0.4577,0.7333333333333333
6R8M,design_14_s0,design_14,ok,steered,0.0,3,4.528,,,0,1,86.27,82.56,0.7909,0.8242,0.4321,0.6666666666666666
6R8M,design_00_s1,design_00,ok,steered,1.0,3,2.415,29.017,pose_collapses,1,1,85.39,82.04,0.4653,0.6167,0.0038,0.8666666666666667
6R8M,design_06_s1,design_06,ok,steered,1.0,3,2.505,5.344,pose_collapses,1,1,85.18,79.03,0.7656,0.8287,0.3529,0.8275862068965517
6R8M,design_00_s2,design_00,ok,steered,2.0,3,2.59,29.008,pose_collapses,1,1,84.87,82.08,0.4857,0.6379,0.0257,0.8
6R8M,design_02_s0,design_02,ok,steered,0.0,3,2.839,5.944,pose_collapses,1,1,91.91,90.78,0.8744,0.8874,0.5896,0.7931034482758621
6R8M,design_18_s2,design_18,ok,steered,2.0,3,3.116,23.462,pose_collapses,1,1,77.25999999999999,72.78,0.3312,0.5333,0.0028,0.71875
6R8M,design_03_s0,design_03,ok,steered,0.0,3,3.305,26.831,pose_collapses,1,1,82.93,77.88000000000001,0.7648,0.837,0.3901,0.7931034482758621
6R8M,design_18_s1,design_18,ok,steered,1.0,3,3.729,2.778,pose_collapses,1,1,80.64,76.82,0.4588,0.6026,0.0117,0.7419354838709677
6R8M,design_17_s0,design_17,ok,steered,0.0,3,5.202,,,0,1,85.02,82.67999999999999,0.6527,0.7277,0.1947,0.7272727272727273
6R8M,design_17_s2,design_17,ok,steered,2.0,3,5.228,,,0,1,83.24000000000001,80.13,0.6265,0.7072,0.1598,0.7058823529411765
6R8M,design_15_s2,design_15,ok,steered,2.0,3,5.597,,,0,1,91.03999999999999,88.03,0.7265,0.8188,0.3573,0.6875
6R8M,design_11_s0,design_11,ok,steered,0.0,3,5.789,,,0,1,87.67,85.67,0.7985,0.8208,0.4081,0.6666666666666666
6R8M,design_15_s0,design_15,ok,steered,0.0,3,5.932,,,0,1,90.97,87.27000000000001,0.7865,0.8522,0.4733,0.7272727272727273
6R8M,design_15_s1,design_15,ok,steered,1.0,3,6.023,,,0,1,90.3,86.04,0.768,0.8367,0.4253,0.75
6R8M,design_11_s1,design_11,ok,steered,1.0,3,6.256,,,0,1,84.95,80.69,0.5218,0.6755,0.1038,0.65625
6R8M,design_05_s0,design_05,ok,steered,0.0,3,7.042,,,0,1,86.67,85.14,0.8711,0.8757,0.6252,0.696969696969697
6R8M,design_03_s1,design_03,ok,steered,1.0,3,26.496,,,3,1,83.87,80.04,0.5191,0.636,0.0737,0.5405405405405406
6R8M,design_03_s2,design_03,ok,steered,2.0,3,26.557,,,3,1,82.83,80.71000000000001,0.4922,0.6155,0.0916,0.5945945945945946
6R8M,design_09_s0,design_09,ok,steered,0.0,3,26.689,,,1,1,86.69,82.53,0.4678,0.5709,0.0327,0.5588235294117647
6R8M,design_09_s1,design_09,ok,steered,1.0,3,26.952,,,1,1,86.3,80.45,0.4883,0.5812,0.0399,0.5454545454545454
6R8M,design_10_s0,design_10,ok,steered,0.0,3,29.028,,,2,1,87.92999999999999,82.69999999999999,0.8174,0.8394,0.4873,0.5555555555555556
6R8M,design_10_s2,design_10,ok,steered,2.0,3,29.203,,,2,1,86.61,81.10000000000001,0.7455,0.7585,0.2595,0.5428571428571428
6R8M,design_19_s2,design_19,ok,steered,2.0,3,2.51,,,0,0,79.59,76.44999999999999,0.5389,0.685,0.0835,0.6875
6R8M,design_07_s1,design_07,ok,steered,1.0,3,2.98,,,1,0,74.74,68.89999999999999,0.704,0.7929,0.2711,0.6363636363636364
6R8M,design_19_s1,design_19,ok,steered,1.0,3,3.426,,,0,0,73.55000000000001,68.08,0.3937,0.5823,0.0026,0.6285714285714286
6R8M,design_18_s0,design_18,ok,steered,0.0,3,4.264,,,0,0,75.74,70.14,0.3145,0.5386,0.0027,0.6571428571428571
6R8M,design_19_s0,design_19,ok,steered,0.0,3,5.711,,,0,0,73.38,69.89999999999999,0.3736,0.5829,0.0,0.6285714285714286
6R8M,design_07_s0,design_07,ok,steered,0.0,3,24.663,,,2,0,67.54,63.260000000000005,0.8039,0.8382,0.399,0.5555555555555556
6R8M,design_07_s2,design_07,ok,steered,2.0,3,27.003,,,1,0,74.51,71.11,0.6503,0.6564,0.0527,0.425
7A8W,initial,initial,initial,cold_start,,0,26.584,,,0,0,90.36,87.66000000000001,0.5745,0.7374,0.1105,0.5666666666666667
7A8W,design_01_s0,design_01,ok,steered,0.0,3,1.253,,,0,1,85.3,79.27,0.5335,0.7259,0.0388,0.9166666666666666
7A8W,design_04_s0,design_04,ok,steered,0.0,3,4.119,1.862,pose_holds,1,1,83.04,78.73,0.4082,0.6001,0.0031,0.92
7A8W,design_02_s1,design_02,ok,steered,1.0,3,2.065,1.246,pose_holds,1,1,82.84,76.21,0.3947,0.611,0.003,0.8846153846153846
7A8W,design_13_s2,design_13,ok,steered,2.0,3,1.903,,,0,1,82.69,76.17,0.4271,0.6239,0.0034,0.9166666666666666
7A8W,design_04_s1,design_04,ok,steered,1.0,3,3.54,1.238,pose_holds,1,1,78.18,71.28,0.2624,0.4925,0.0026,0.88
7A8W,design_00_s0,design_00,ok,steered,0.0,3,3.718,1.758,pose_holds,1,1,83.88,81.02000000000001,0.2856,0.4518,0.0,0.8846153846153846
7A8W,design_03_s2,design_03,ok,steered,2.0,3,3.982,2.507,pose_holds,1,1,76.29,72.78,0.3722,0.5094,0.0032,0.8846153846153846
7A8W,design_00_s2,design_00,ok,steered,2.0,3,3.557,1.799,pose_holds,2,1,78.48,72.25,0.1705,0.4133,0.0,0.8148148148148148
7A8W,design_07_s1,design_07,ok,steered,1.0,3,3.591,3.3,pose_holds,1,1,73.56,69.84,0.4657,0.5754,0.0064,0.8846153846153846
7A8W,design_00_s1,design_00,ok,steered,1.0,3,3.471,1.605,pose_holds,2,1,76.71,70.30999999999999,0.1936,0.4182,0.0,0.7857142857142857
7A8W,design_04_s2,design_04,ok,steered,2.0,3,3.742,1.472,pose_holds,1,1,78.14999999999999,72.28999999999999,0.2229,0.4809,0.0,0.7777777777777778
7A8W,design_07_s0,design_07,ok,steered,0.0,3,4.246,4.012,pose_holds,1,1,76.47,73.08,0.3338,0.4806,0.003,0.8518518518518519
7A8W,design_03_s0,design_03,ok,steered,0.0,3,4.751,4.424,pose_holds,1,1,75.67,71.96000000000001,0.2447,0.4148,0.0,0.8214285714285714
7A8W,design_01_s2,design_01,ok,steered,2.0,3,1.264,5.897,pose_collapses,1,1,85.28999999999999,79.29,0.5426,0.7322,0.0455,0.8076923076923077
7A8W,design_09_s0,design_09,ok,steered,0.0,3,1.723,5.721,pose_collapses,1,1,81.04,73.55000000000001,0.4192,0.6267,0.0033,0.92
7A8W,design_01_s1,design_01,ok,steered,1.0,3,1.805,5.887,pose_collapses,1,1,84.08,77.68,0.581,0.7532,0.058,0.92
7A8W,design_18_s2,design_18,ok,steered,2.0,3,2.94,8.244,pose_collapses,2,1,61.79,56.43,0.58,0.6528,0.1251,0.7857142857142857
7A8W,design_07_s2,design_07,ok,steered,2.0,3,3.389,5.549,pose_collapses,1,1,72.44,69.06,0.3693,0.5083,0.0032,0.8846153846153846
7A8W,design_10_s1,design_10,ok,steered,1.0,3,3.537,29.243,pose_collapses,1,1,79.52,75.74,0.2765,0.4346,0.0,0.8148148148148148
7A8W,design_03_s1,design_03,ok,steered,1.0,3,4.17,5.478,pose_collapses,1,1,77.55,72.71,0.2412,0.4222,0.0,0.92
7A8W,design_10_s2,design_10,ok,steered,2.0,3,4.194,29.412,pose_collapses,1,1,81.10000000000001,77.02,0.2508,0.4109,0.0,0.8148148148148148
7A8W,design_10_s0,design_10,ok,steered,0.0,3,4.434,30.454,pose_collapses,1,1,80.44,75.78,0.2115,0.3949,0.0,0.8846153846153846
7A8W,design_06_s1,design_06,ok,steered,1.0,3,4.656,26.091,pose_collapses,1,1,72.61999999999999,66.93,0.3837,0.5442,0.0029,0.92
7A8W,design_11_s2,design_11,ok,steered,2.0,3,5.09,,,0,1,81.87,76.42,0.4671,0.6217,0.0047,0.7142857142857143
7A8W,design_16_s0,design_16,ok,steered,0.0,3,5.186,,,1,1,70.42,66.06,0.431,0.5316,0.0035,0.7333333333333333
7A8W,design_13_s1,design_13,ok,steered,1.0,3,5.189,,,0,1,80.66,76.98,0.4264,0.5418,0.0037,0.75
7A8W,design_08_s2,design_08,ok,steered,2.0,3,5.253,,,0,1,86.78,84.07,0.3874,0.5476,0.0035,0.7777777777777778
7A8W,design_14_s1,design_14,ok,steered,1.0,3,5.32,,,0,1,84.26,82.05,0.7407,0.7878,0.3038,0.6451612903225806
7A8W,design_08_s0,design_08,ok,steered,0.0,3,5.34,,,1,1,83.91,80.7,0.4837,0.6108,0.0058,0.7586206896551724
7A8W,design_09_s2,design_09,ok,steered,2.0,3,5.38,,,1,1,78.66,72.81,0.4124,0.5792,0.0037,0.6666666666666666
7A8W,design_08_s1,design_08,ok,steered,1.0,3,5.411,,,0,1,85.19,81.92,0.4065,0.5599,0.0034,0.7857142857142857
7A8W,design_16_s2,design_16,ok,steered,2.0,3,5.463,,,1,1,75.74,70.32000000000001,0.4208,0.5661,0.0032,0.75
7A8W,design_05_s2,design_05,ok,steered,2.0,3,5.479,,,0,1,88.99000000000001,85.54,0.6807,0.7749,0.1944,0.6896551724137931
7A8W,design_11_s1,design_11,ok,steered,1.0,3,5.487,,,0,1,80.07,75.57000000000001,0.6862,0.754,0.1837,0.7241379310344828
7A8W,design_14_s2,design_14,ok,steered,2.0,3,5.525,,,0,1,83.54,80.30000000000001,0.5142,0.6276,0.0395,0.6896551724137931
7A8W,design_09_s1,design_09,ok,steered,1.0,3,5.538,,,1,1,79.16,73.48,0.4538,0.6086,0.0044,0.7142857142857143
7A8W,design_02_s2,design_02,ok,steered,2.0,3,5.541,,,0,1,82.38,77.83,0.3953,0.571,0.0033,0.7241379310344828
7A8W,design_11_s0,design_11,ok,steered,0.0,3,5.668,,,0,1,81.65,76.25,0.4618,0.6014,0.0041,0.6896551724137931
7A8W,design_16_s1,design_16,ok,steered,1.0,3,5.693,,,2,1,72.25,67.23,0.3781,0.5107,0.0031,0.7096774193548387
7A8W,design_05_s0,design_05,ok,steered,0.0,3,5.806,,,0,1,88.91,85.21,0.6207,0.7439,0.1479,0.6666666666666666
7A8W,design_17_s0,design_17,ok,steered,0.0,3,5.837,,,0,1,83.44,77.92,0.3651,0.5747,0.0031,0.7142857142857143
7A8W,design_02_s0,design_02,ok,steered,0.0,3,5.896,,,0,1,84.94,81.97,0.5216,0.6536,0.0214,0.7
7A8W,design_05_s1,design_05,ok,steered,1.0,3,5.983,,,0,1,88.17,84.05,0.7018,0.7866,0.2138,0.6896551724137931
7A8W,design_13_s0,design_13,ok,steered,0.0,3,6.02,,,1,1,80.28999999999999,75.85,0.4859,0.6008,0.0317,0.6774193548387096
7A8W,design_06_s2,design_06,ok,steered,2.0,3,6.217,,,2,1,72.56,66.91,0.5066,0.6163,0.0455,0.6896551724137931
7A8W,design_14_s0,design_14,ok,steered,0.0,3,6.408,,,1,1,81.33,78.74,0.7161,0.7722,0.2788,0.7096774193548387
7A8W,design_06_s0,design_06,ok,steered,0.0,3,7.225,,,1,1,77.21000000000001,73.14,0.3102,0.4322,0.0,0.6451612903225806
7A8W,design_12_s1,design_12,ok,steered,1.0,3,27.11,,,3,1,66.72,62.99,0.3124,0.4423,0.0,0.2083333333333333
7A8W,design_15_s0,design_15,ok,steered,0.0,3,3.293,,,0,0,60.440000000000005,56.699999999999996,0.7281,0.7647,0.2316,0.5526315789473685
7A8W,design_15_s2,design_15,ok,steered,2.0,3,3.459,,,3,0,63.13999999999999,58.089999999999996,0.4786,0.5787,0.0168,0.6774193548387096
7A8W,design_18_s0,design_18,ok,steered,0.0,3,4.495,,,2,0,61.63999999999999,56.18,0.5112,0.616,0.0606,0.65625
7A8W,design_19_s1,design_19,ok,steered,1.0,3,6.799,,,0,0,63.349999999999994,56.58,0.2351,0.4035,0.0,0.8148148148148148
7A8W,design_19_s2,design_19,ok,steered,2.0,3,6.86,,,0,0,66.58,60.72,0.2606,0.4193,0.0,0.7777777777777778
7A8W,design_19_s0,design_19,ok,steered,0.0,3,7.219,,,0,0,62.480000000000004,56.00000000000001,0.2597,0.4163,0.0026,0.8518518518518519
7A8W,design_15_s1,design_15,ok,steered,1.0,3,14.772,,,0,0,56.96,53.06999999999999,0.5261,0.6314,0.0836,0.5882352941176471
7A8W,design_17_s1,design_17,ok,steered,1.0,3,25.02,,,2,0,89.42,85.74000000000001,0.5321,0.6967,0.0566,0.75
7A8W,design_17_s2,design_17,ok,steered,2.0,3,25.472,,,3,0,88.85,85.18,0.7875,0.855,0.4078,0.5666666666666667
7A8W,design_18_s1,design_18,ok,steered,1.0,3,30.091,,,0,0,58.17,56.010000000000005,0.538,0.5707,0.0222,0.5
7A8W,design_12_s0,design_12,ok,steered,0.0,3,30.285,,,1,0,61.4,56.8,0.2779,0.418,0.0,0.217391304347826
7A8W,design_12_s2,design_12,ok,steered,2.0,3,30.29,,,1,0,57.79,53.93,0.5388,0.5802,0.0318,0.4210526315789473
7A8X,initial,initial,initial,cold_start,,0,28.071,,,0,1,79.86999999999999,71.25,0.2565,0.5551,0.0,0.6896551724137931
7A8X,design_08_s2,design_08,ok,steered,2.0,3,2.225,,,0,1,69.45,61.27,0.3393,0.5204,0.0026,0.8518518518518519
7A8X,design_15_s0,design_15,ok,steered,0.0,3,3.127,1.305,pose_holds,1,1,67.28,58.84,0.2538,0.4741,0.0,0.7777777777777778
7A8X,design_08_s1,design_08,ok,steered,1.0,3,2.257,,,0,1,72.38,64.19,0.3914,0.57,0.0028,0.8076923076923077
7A8X,design_00_s1,design_00,ok,steered,1.0,3,2.014,0.869,pose_holds,1,1,76.46,70.56,0.5589,0.6584,0.0699,0.7241379310344828
7A8X,design_10_s0,design_10,ok,steered,0.0,3,2.814,1.547,pose_holds,1,1,74.41,69.25,0.4568,0.5708,0.0036,0.75
7A8X,design_06_s1,design_06,ok,steered,1.0,3,4.194,2.858,pose_holds,1,1,67.36999999999999,61.59,0.3271,0.4706,0.0,0.8148148148148148
7A8X,design_00_s0,design_00,ok,steered,0.0,3,3.032,1.792,pose_holds,1,1,73.05,65.5,0.557,0.6658,0.0587,0.7586206896551724
7A8X,design_11_s0,design_11,ok,steered,0.0,3,4.221,1.534,pose_holds,1,1,67.73,60.39,0.3957,0.5361,0.003,0.7241379310344828
7A8X,design_03_s2,design_03,ok,steered,2.0,3,4.306,2.653,pose_holds,1,1,72.28,66.28,0.2805,0.4329,0.0,0.7777777777777778
7A8X,design_19_s1,design_19,ok,steered,1.0,3,2.816,,,0,1,64.14999999999999,58.87,0.5315,0.6216,0.0656,0.75
7A8X,design_06_s0,design_06,ok,steered,0.0,3,3.718,3.594,pose_holds,1,1,71.50999999999999,65.97,0.4674,0.5711,0.0036,0.7857142857142857
7A8X,design_03_s0,design_03,ok,steered,0.0,3,4.477,2.905,pose_holds,1,1,74.94,69.78999999999999,0.3896,0.5311,0.0028,0.75
7A8X,design_07_s2,design_07,ok,steered,2.0,3,2.41,3.532,pose_holds,1,1,70.06,65.14999999999999,0.2986,0.4255,0.0,0.7586206896551724
7A8X,design_06_s2,design_06,ok,steered,2.0,3,4.176,2.406,pose_holds,1,1,69.8,64.85,0.4344,0.552,0.003,0.6896551724137931
7A8X,design_09_s0,design_09,ok,steered,0.0,3,4.169,1.534,pose_holds,1,1,68.17,63.449999999999996,0.4189,0.5295,0.0034,0.6451612903225806
7A8X,design_07_s1,design_07,ok,steered,1.0,3,2.993,2.936,pose_holds,1,1,72.69,69.15,0.3633,0.4832,0.0027,0.6785714285714286
7A8X,design_19_s0,design_19,ok,steered,0.0,3,3.903,,,1,1,63.01,55.300000000000004,0.3106,0.476,0.0026,0.7241379310344828
7A8X,design_15_s1,design_15,ok,steered,1.0,3,3.756,,,1,1,68.03,61.150000000000006,0.2842,0.4809,0.0,0.6896551724137931
7A8X,design_03_s1,design_03,ok,steered,1.0,3,4.242,2.901,pose_holds,1,1,71.85000000000001,65.97,0.2965,0.4598,0.0,0.6451612903225806
7A8X,design_04_s0,design_04,ok,steered,0.0,3,1.176,29.409,pose_collapses,1,1,78.29,69.72,0.6065,0.7279,0.1443,0.7777777777777778
7A8X,design_18_s0,design_18,ok,steered,0.0,3,1.522,29.134,pose_collapses,1,1,81.52000000000001,75.96000000000001,0.7529,0.8179,0.2594,0.8076923076923077
7A8X,design_04_s2,design_04,ok,steered,2.0,3,1.676,28.339,pose_collapses,1,1,81.39999999999999,75.61,0.6791,0.7721,0.1847,0.9230769230769232
7A8X,design_04_s1,design_04,ok,steered,1.0,3,1.951,29.456,pose_collapses,1,1,78.59,71.0,0.5203,0.6615,0.0174,0.96
7A8X,design_16_s0,design_16,ok,steered,0.0,3,2.011,29.706,pose_collapses,1,1,73.71,67.35,0.3918,0.5783,0.0031,0.8518518518518519
7A8X,design_05_s1,design_05,ok,steered,1.0,3,2.734,25.828,pose_collapses,0,1,62.72,57.730000000000004,0.2612,0.4098,0.0,0.7777777777777778
7A8X,design_16_s2,design_16,ok,steered,2.0,3,2.8,29.641,pose_collapses,1,1,79.7,74.21,0.3023,0.4927,0.0,0.75
7A8X,design_09_s2,design_09,ok,steered,2.0,3,2.864,5.397,pose_collapses,1,1,69.04,63.949999999999996,0.4396,0.5402,0.0036,0.75
7A8X,design_17_s2,design_17,ok,steered,2.0,3,2.947,26.365,pose_collapses,1,1,73.29,65.93,0.3728,0.566,0.0025,0.8214285714285714
7A8X,design_07_s0,design_07,ok,steered,0.0,3,2.978,19.313,pose_collapses,1,1,72.84,68.19,0.2489,0.4073,0.0,0.7142857142857143
7A8X,design_09_s1,design_09,ok,steered,1.0,3,3.194,5.388,pose_collapses,1,1,69.43,63.21,0.3961,0.5155,0.0034,0.7586206896551724
7A8X,design_11_s2,design_11,ok,steered,2.0,3,3.196,5.397,pose_collapses,1,1,63.839999999999996,57.57,0.3521,0.4823,0.0029,0.7
7A8X,design_00_s2,design_00,ok,steered,2.0,3,3.563,6.041,pose_collapses,1,1,77.60000000000001,72.33000000000001,0.558,0.6462,0.084,0.6896551724137931
7A8X,design_16_s1,design_16,ok,steered,1.0,3,3.661,29.852,pose_collapses,1,1,80.61,76.75999999999999,0.3275,0.4919,0.0027,0.7777777777777778
7A8X,design_15_s2,design_15,ok,steered,2.0,3,4.052,5.327,pose_collapses,1,1,70.59,64.25999999999999,0.4171,0.5597,0.0031,0.75
7A8X,design_11_s1,design_11,ok,steered,1.0,3,4.297,5.388,pose_collapses,1,1,67.60000000000001,61.31999999999999,0.4706,0.5818,0.0132,0.7586206896551724
7A8X,design_05_s0,design_05,ok,steered,0.0,3,4.763,18.809,pose_collapses,1,1,63.51,58.58,0.2368,0.3914,0.0,0.6551724137931034
7A8X,design_12_s0,design_12,ok,steered,0.0,3,5.357,,,1,1,71.8,65.18,0.5807,0.7202,0.1287,0.6896551724137931
7A8X,design_18_s2,design_18,ok,steered,2.0,3,5.679,,,0,1,79.4,74.11999999999999,0.4661,0.6111,0.0051,0.6551724137931034
7A8X,design_08_s0,design_08,ok,steered,0.0,3,5.781,,,0,1,73.0,67.60000000000001,0.2588,0.4366,0.0,0.6785714285714286
7A8X,design_18_s1,design_18,ok,steered,1.0,3,6.176,,,0,1,73.59,68.46,0.4354,0.6037,0.0043,0.625
7A8X,design_02_s0,design_02,ok,steered,0.0,3,7.343,,,1,1,77.28,72.32,0.5508,0.6723,0.0605,0.7333333333333333
7A8X,design_10_s1,design_10,ok,steered,1.0,3,11.47,,,1,1,71.24000000000001,65.42,0.4674,0.5859,0.0072,0.6666666666666666
7A8X,design_12_s1,design_12,ok,steered,1.0,3,25.939,,,2,1,77.39,71.17999999999999,0.3301,0.5142,0.0,0.59375
7A8X,design_02_s2,design_02,ok,steered,2.0,3,27.447,,,3,1,73.89,67.84,0.4493,0.4823,0.0032,0.5757575757575758
7A8X,design_02_s1,design_02,ok,steered,1.0,3,27.848,,,2,1,75.28,69.82000000000001,0.4681,0.4875,0.0153,0.5294117647058824
7A8X,design_12_s2,design_12,ok,steered,2.0,3,27.854,,,3,1,76.24,69.08999999999999,0.3193,0.5053,0.0,0.65625
7A8X,design_01_s1,design_01,ok,steered,1.0,3,28.049,,,2,1,79.49000000000001,73.54,0.7507,0.7905,0.2165,0.6333333333333333
7A8X,design_01_s2,design_01,ok,steered,2.0,3,28.964,,,2,1,81.03,74.77000000000001,0.7966,0.8085,0.2913,0.6206896551724138
7A8X,design_13_s2,design_13,ok,steered,2.0,3,29.043,,,2,1,82.75,77.38000000000001,0.4663,0.619,0.0028,0.6333333333333333
7A8X,design_13_s1,design_13,ok,steered,1.0,3,29.165,,,2,1,84.63000000000001,79.95,0.5207,0.6524,0.0312,0.59375
7A8X,design_01_s0,design_01,ok,steered,0.0,3,29.407,,,2,1,81.93,74.22,0.7803,0.7922,0.2516,0.6129032258064516
7A8X,design_14_s2,design_14,ok,steered,2.0,3,29.743,,,2,1,82.42,75.88000000000001,0.7619,0.7516,0.1872,0.5454545454545454
7A8X,design_14_s1,design_14,ok,steered,1.0,3,29.878,,,2,1,80.63,73.61,0.7058,0.7026,0.1107,0.6
7A8X,design_13_s0,design_13,ok,steered,0.0,3,29.92,,,2,1,79.88,72.66,0.5028,0.6275,0.018,0.6333333333333333
7A8X,design_14_s0,design_14,ok,steered,0.0,3,30.085,,,2,1,82.88,77.73,0.7938,0.789,0.2566,0.5806451612903226
7A8X,design_19_s2,design_19,ok,steered,2.0,3,7.881,,,1,0,62.160000000000004,55.730000000000004,0.4503,0.5545,0.0045,0.625
7A8X,design_17_s0,design_17,ok,steered,0.0,3,25.987,,,2,0,79.82000000000001,76.03,0.4462,0.5272,0.0099,0.53125
7A8X,design_10_s2,design_10,ok,steered,2.0,3,26.464,,,1,0,81.58999999999999,78.03,0.3419,0.5281,0.0031,0.4848484848484848
7A8X,design_17_s1,design_17,ok,steered,1.0,3,26.915,,,2,0,78.86999999999999,76.75,0.4101,0.4827,0.0055,0.4705882352941176
7A8X,design_05_s2,design_05,ok,steered,2.0,3,30.435,,,2,0,63.5,59.0,0.3634,0.4782,0.0026,0.2444444444444444
7BNT,initial,initial,initial,cold_start,,0,17.192,,,0,1,92.28,90.69,0.5682,0.7349,0.1099,0.6
7BNT,design_09_s2,design_09,ok,steered,2.0,3,1.234,,,0,1,93.06,91.14,0.7724,0.8502,0.3729,0.8695652173913043
7BNT,design_12_s0,design_12,ok,steered,0.0,3,1.36,1.38,pose_holds,1,1,91.71000000000001,89.81,0.7346,0.8229,0.3562,0.875
7BNT,design_02_s1,design_02,ok,steered,1.0,3,1.356,0.985,pose_holds,1,1,92.96,90.9,0.8369,0.8857,0.5177,0.84
7BNT,design_01_s1,design_01,ok,steered,1.0,3,1.695,,,0,1,90.97,89.49000000000001,0.8705,0.8973,0.6413,0.875
7BNT,design_11_s2,design_11,ok,steered,2.0,3,1.686,1.029,pose_holds,1,1,91.31,88.27000000000001,0.7437,0.834,0.3585,0.84
7BNT,design_02_s2,design_02,ok,steered,2.0,3,1.664,1.061,pose_holds,1,1,93.75,91.81,0.8123,0.8734,0.4742,0.8333333333333334
7BNT,design_11_s0,design_11,ok,steered,0.0,3,1.125,1.212,pose_holds,1,1,91.49000000000001,88.72,0.6803,0.7918,0.2544,0.84
7BNT,design_17_s2,design_17,ok,steered,2.0,3,1.823,,,0,1,89.5,87.63,0.4867,0.6493,0.091,0.8695652173913043
7BNT,design_11_s1,design_11,ok,steered,1.0,3,1.597,0.822,pose_holds,1,1,90.35,87.98,0.5246,0.6901,0.1186,0.8076923076923077
7BNT,design_07_s2,design_07,ok,steered,2.0,3,1.154,1.405,pose_holds,1,1,92.43,90.61,0.6937,0.7842,0.2959,0.8333333333333334
7BNT,design_17_s1,design_17,ok,steered,1.0,3,1.492,,,0,1,89.13,86.53,0.4927,0.6484,0.0933,0.8333333333333334
7BNT,design_16_s1,design_16,ok,steered,1.0,3,1.567,,,0,1,92.65,90.48,0.8539,0.8929,0.549,0.8333333333333334
7BNT,design_00_s0,design_00,ok,steered,0.0,3,1.591,,,0,1,88.53,85.44,0.8196,0.872,0.4913,0.8333333333333334
7BNT,design_12_s2,design_12,ok,steered,2.0,3,1.687,1.726,pose_holds,1,1,91.74,89.48,0.7716,0.8493,0.4371,0.84
7BNT,design_06_s1,design_06,ok,steered,1.0,3,1.622,1.697,pose_holds,1,1,89.05999999999999,87.51,0.4776,0.649,0.0748,0.8333333333333334
7BNT,design_17_s0,design_17,ok,steered,0.0,3,1.734,,,0,1,89.12,88.5,0.7657,0.8207,0.3644,0.8333333333333334
7BNT,design_10_s0,design_10,ok,steered,0.0,3,1.737,,,0,1,91.78,90.62,0.8377,0.875,0.5175,0.8333333333333334
7BNT,design_08_s0,design_08,ok,steered,0.0,3,1.981,,,0,1,89.05,85.22999999999999,0.7914,0.8661,0.4327,0.84
7BNT,design_02_s0,design_02,ok,steered,0.0,3,1.114,1.218,pose_holds,1,1,93.45,91.66,0.8233,0.8816,0.5178,0.8
7BNT,design_18_s0,design_18,ok,steered,0.0,3,1.149,,,0,1,90.83,89.89,0.6104,0.7315,0.1969,0.7916666666666666
7BNT,design_12_s1,design_12,ok,steered,1.0,3,1.239,1.428,pose_holds,1,1,91.47999999999999,88.79,0.7657,0.8411,0.4067,0.8
7BNT,design_01_s0,design_01,ok,steered,0.0,3,1.312,,,0,1,91.83,89.91,0.8647,0.8925,0.6081,0.7916666666666666
7BNT,design_18_s2,design_18,ok,steered,2.0,3,1.383,,,0,1,92.09,91.23,0.7978,0.8477,0.4254,0.7916666666666666
7BNT,design_13_s1,design_13,ok,steered,1.0,3,1.458,,,0,1,92.85,91.01,0.7983,0.8566,0.4424,0.7916666666666666
7BNT,design_01_s2,design_01,ok,steered,2.0,3,1.463,,,0,1,90.83,89.14,0.7915,0.8311,0.4335,0.7916666666666666
7BNT,design_04_s2,design_04,ok,steered,2.0,3,1.453,1.663,pose_holds,1,1,93.17,92.01,0.8953,0.9139,0.7097,0.8
7BNT,design_06_s0,design_06,ok,steered,0.0,3,2.121,2.337,pose_holds,1,1,90.44,88.5,0.661,0.7739,0.2379,0.8333333333333334
7BNT,design_00_s2,design_00,ok,steered,2.0,3,2.375,,,0,1,91.60000000000001,89.87,0.8613,0.8964,0.6019,0.8333333333333334
7BNT,design_13_s0,design_13,ok,steered,0.0,3,1.099,,,0,1,91.57,89.69,0.5937,0.727,0.1751,0.76
7BNT,design_09_s0,design_09,ok,steered,0.0,3,1.182,1.93,pose_holds,1,1,92.81,90.23,0.7466,0.832,0.3217,0.8
7BNT,design_04_s1,design_04,ok,steered,1.0,3,2.067,1.933,pose_holds,1,1,93.11,91.58,0.8822,0.8983,0.6623,0.8
7BNT,design_00_s1,design_00,ok,steered,1.0,3,1.805,,,0,1,90.46,88.49000000000001,0.8322,0.8851,0.5074,0.7916666666666666
7BNT,design_10_s2,design_10,ok,steered,2.0,3,1.532,,,0,1,90.9,90.38000000000001,0.8209,0.8665,0.4943,0.7692307692307693
7BNT,design_18_s1,design_18,ok,steered,1.0,3,1.402,,,0,1,91.92,91.08000000000001,0.7841,0.8401,0.4004,0.76
7BNT,design_13_s2,design_13,ok,steered,2.0,3,1.432,,,0,1,92.36999999999999,90.74,0.8726,0.9043,0.6534,0.76
7BNT,design_10_s1,design_10,ok,steered,1.0,3,1.624,,,0,1,89.84,88.44999999999999,0.7115,0.8048,0.33,0.76
7BNT,design_08_s1,design_08,ok,steered,1.0,3,1.86,,,0,1,88.14,83.52000000000001,0.798,0.8646,0.4684,0.76
7BNT,design_04_s0,design_04,ok,steered,0.0,3,1.755,1.628,pose_holds,1,1,92.97999999999999,91.55,0.8871,0.9055,0.6675,0.7307692307692307
7BNT,design_06_s2,design_06,ok,steered,2.0,3,1.672,2.283,pose_holds,1,1,91.64,90.36,0.767,0.8364,0.3918,0.76
7BNT,design_16_s2,design_16,ok,steered,2.0,3,1.056,17.579,pose_collapses,1,1,92.84,90.81,0.8828,0.9122,0.6435,0.8
7BNT,design_09_s1,design_09,ok,steered,1.0,3,1.071,16.041,pose_collapses,1,1,93.01,90.58,0.7482,0.8298,0.3395,0.8
7BNT,design_16_s0,design_16,ok,steered,0.0,3,1.49,16.11,pose_collapses,1,1,92.88,90.89,0.8809,0.91,0.6477,0.8
7BNT,design_08_s2,design_08,ok,steered,2.0,3,9.646,,,2,1,86.35000000000001,79.13,0.8051,0.8649,0.4978,0.6206896551724138
7BNT,design_07_s0,design_07,ok,steered,0.0,3,15.387,,,2,1,89.41,85.58,0.4744,0.6645,0.026,0.6129032258064516
7BNT,design_14_s0,design_14,ok,steered,0.0,3,17.267,,,2,1,89.84,85.48,0.5093,0.6965,0.0594,0.5483870967741935
7BNT,design_07_s1,design_07,ok,steered,1.0,3,17.492,,,3,1,89.5,85.37,0.5118,0.7011,0.0585,0.5454545454545454
7BNT,design_14_s2,design_14,ok,steered,2.0,3,17.799,,,2,1,91.24,89.59,0.6422,0.7795,0.1799,0.4516129032258064
7BNT,design_14_s1,design_14,ok,steered,1.0,3,18.502,,,2,1,89.64999999999999,86.52,0.4008,0.6442,0.0033,0.4193548387096774
7BNT,design_19_s1,design_19,ok,steered,1.0,3,22.156,,,2,1,91.73,90.33,0.7248,0.8243,0.2673,0.4242424242424242
7BNT,design_19_s2,design_19,ok,steered,2.0,3,22.307,,,2,1,92.02,89.95,0.7466,0.8377,0.2948,0.5
7BNT,design_19_s0,design_19,ok,steered,0.0,3,22.785,,,2,1,91.96,90.5,0.6258,0.7651,0.164,0.4242424242424242
7BNT,design_03_s1,design_03,ok,steered,1.0,3,28.777,,,3,1,90.94,87.8,0.817,0.7828,0.389,0.5714285714285714
7BNT,design_05_s1,design_05,ok,steered,1.0,3,28.959,,,2,1,89.75999999999999,85.0,0.794,0.8198,0.3312,0.5333333333333333
7BNT,design_03_s0,design_03,ok,steered,0.0,3,29.093,,,3,1,91.29,89.09,0.8099,0.783,0.3991,0.5666666666666667
7BNT,design_03_s2,design_03,ok,steered,2.0,3,29.297,,,3,1,91.25,88.85,0.8344,0.8171,0.456,0.5483870967741935
7BNT,design_05_s0,design_05,ok,steered,0.0,3,29.441,,,2,1,90.2,86.5,0.7531,0.7887,0.2471,0.5862068965517241
7BNT,design_05_s2,design_05,ok,steered,2.0,3,29.628,,,2,1,91.67,88.2,0.7456,0.7771,0.2271,0.5666666666666667
7BNT,design_15_s0,design_15,ok,steered,0.0,3,30.011,,,3,1,89.97,84.94,0.9045,0.9014,0.7071,0.5517241379310345
7BNT,design_15_s2,design_15,ok,steered,2.0,3,30.031,,,3,1,91.64999999999999,89.27000000000001,0.8787,0.8718,0.638,0.4838709677419355
7BNT,design_15_s1,design_15,ok,steered,1.0,3,30.068,,,3,1,91.69,88.81,0.8333,0.8184,0.5392,0.5333333333333333
7QPX,initial,initial,initial,cold_start,,0,1.09,,,0,1,84.67,79.08,0.3261,0.612,0.0,0.8333333333333334
7QPX,design_07_s0,design_07,ok,steered,0.0,0,1.083,,,0,1,86.33999999999999,81.38,0.4645,0.69,0.0031,0.8461538461538461
7QPX,design_16_s2,design_16,ok,steered,2.0,0,1.022,,,0,1,83.62,76.46,0.3625,0.6321,0.0025,0.84
7QPX,design_16_s0,design_16,ok,steered,0.0,0,1.294,,,0,1,87.19,82.75,0.6253,0.7788,0.129,0.84
7QPX,design_17_s1,design_17,ok,steered,1.0,0,0.764,,,0,1,84.49,78.53999999999999,0.3199,0.6051,0.0,0.8
7QPX,design_10_s2,design_10,ok,steered,2.0,0,0.961,,,0,1,84.39999999999999,78.02,0.2719,0.5819,0.0,0.8076923076923077
7QPX,design_14_s2,design_14,ok,steered,2.0,0,0.809,,,0,1,82.98,76.0,0.2305,0.5578,0.0,0.8
7QPX,design_13_s2,design_13,ok,steered,2.0,0,0.878,,,0,1,85.32,79.22,0.2838,0.5902,0.0,0.8
7QPX,design_10_s0,design_10,ok,steered,0.0,0,1.195,,,0,1,87.87,83.27,0.5284,0.7239,0.0339,0.8076923076923077
7QPX,design_14_s0,design_14,ok,steered,0.0,0,1.086,,,0,1,84.08,77.34,0.3616,0.6314,0.0026,0.8
7QPX,design_11_s0,design_11,ok,steered,0.0,0,1.399,,,0,1,87.86,83.85000000000001,0.3874,0.6443,0.0028,0.8076923076923077
7QPX,design_04_s1,design_04,ok,steered,1.0,0,0.993,,,0,1,83.59,76.92,0.3119,0.6055,0.0,0.7692307692307693
7QPX,design_12_s0,design_12,ok,steered,0.0,0,0.966,,,0,1,82.73,75.14999999999999,0.2552,0.5737,0.0,0.76
7QPX,design_05_s2,design_05,ok,steered,2.0,0,1.206,,,0,1,83.3,76.37,0.2917,0.589,0.0,0.7692307692307693
7QPX,design_02_s2,design_02,ok,steered,2.0,0,1.426,,,0,1,82.25,75.17,0.2939,0.5953,0.0,0.7692307692307693
7QPX,design_05_s0,design_05,ok,steered,0.0,0,1.444,,,0,1,83.46000000000001,76.14999999999999,0.322,0.6037,0.0,0.7692307692307693
7QPX,design_18_s0,design_18,ok,steered,0.0,0,1.448,,,0,1,85.92,80.23,0.3564,0.623,0.0026,0.7692307692307693
7QPX,design_18_s2,design_18,ok,steered,2.0,0,9.096,,,0,1,86.98,83.52000000000001,0.398,0.6367,0.0029,0.8518518518518519
7QPX,design_06_s0,design_06,ok,steered,0.0,0,12.622,,,0,1,88.07000000000001,84.37,0.3313,0.6108,0.0,0.6666666666666666
7QPX,design_09_s1,design_09,ok,steered,1.0,0,12.726,,,0,1,87.16000000000001,82.86,0.273,0.5806,0.0,0.6666666666666666
7QPX,design_02_s0,design_02,ok,steered,0.0,0,12.878,,,0,1,85.00999999999999,79.9,0.2472,0.5666,0.0,0.6896551724137931
7QPX,design_03_s1,design_03,ok,steered,1.0,0,13.862,,,0,1,89.62,86.5,0.412,0.6517,0.0028,0.6896551724137931
7QPX,design_18_s1,design_18,ok,steered,1.0,0,14.8,,,0,1,88.85,85.68,0.3621,0.6358,0.0,0.6666666666666666
7QPX,design_04_s2,design_04,ok,steered,2.0,0,14.925,,,0,1,85.61,80.87,0.3114,0.5997,0.0,0.6551724137931034
7QPX,design_03_s2,design_03,ok,steered,2.0,0,16.475,,,0,1,85.79,81.16,0.5862,0.7558,0.1122,0.6451612903225806
7QPX,design_02_s1,design_02,ok,steered,1.0,0,18.362,,,0,1,82.28999999999999,75.82,0.3612,0.6351,0.0,0.5454545454545454
7QPX,design_01_s2,design_01,ok,steered,2.0,0,18.812,,,0,1,82.93,76.92,0.4767,0.7022,0.0031,0.5294117647058824
7QPX,design_07_s1,design_07,ok,steered,1.0,0,26.781,,,0,1,82.04,75.44999999999999,0.351,0.5999,0.0025,0.7142857142857143
7QPX,design_00_s1,design_00,ok,steered,1.0,0,26.868,,,0,1,79.64,72.8,0.3412,0.5801,0.0,0.6333333333333333
7QPX,design_12_s1,design_12,ok,steered,1.0,0,26.893,,,0,1,79.14,71.50999999999999,0.2636,0.5514,0.0,0.7142857142857143
7QPX,design_08_s2,design_08,ok,steered,2.0,0,26.926,,,0,1,80.94,73.81,0.3656,0.6034,0.0026,0.6896551724137931
7QPX,design_12_s2,design_12,ok,steered,2.0,0,26.981,,,0,1,83.91999999999999,77.61,0.3537,0.5884,0.0,0.7142857142857143
7QPX,design_07_s2,design_07,ok,steered,2.0,0,27.008,,,0,1,80.97999999999999,72.98,0.2569,0.5477,0.0,0.7142857142857143
7QPX,design_09_s2,design_09,ok,steered,2.0,0,27.046,,,0,1,81.39,74.15,0.2653,0.5538,0.0,0.6896551724137931
7QPX,design_10_s1,design_10,ok,steered,1.0,0,27.125,,,0,1,79.80000000000001,73.11999999999999,0.2794,0.56,0.0,0.6666666666666666
7QPX,design_00_s2,design_00,ok,steered,2.0,0,27.202,,,0,1,81.13,73.78,0.2864,0.5583,0.0,0.6551724137931034
7QPX,design_17_s2,design_17,ok,steered,2.0,0,27.385,,,0,1,82.78999999999999,76.57000000000001,0.2937,0.5727,0.0,0.7142857142857143
7QPX,design_05_s1,design_05,ok,steered,1.0,0,27.449,,,0,1,80.47999999999999,73.74000000000001,0.2637,0.5609,0.0,0.6666666666666666
7QPX,design_15_s0,design_15,ok,steered,0.0,0,36.829,,,0,1,86.7,84.0,0.2711,0.588,0.0,0.1363636363636363
7QPX,design_13_s0,design_13,ok,steered,0.0,0,23.021,,,0,0,79.7,74.9,0.5532,0.7084,0.0969,0.6129032258064516
7QPX,design_15_s2,design_15,ok,steered,2.0,0,25.946,,,0,0,91.46,89.5,0.4866,0.6896,0.0033,0.6785714285714286
7QPX,design_00_s0,design_00,ok,steered,0.0,0,26.067,,,0,0,87.87,84.45,0.4632,0.6638,0.0031,0.6206896551724138
7QPX,design_09_s0,design_09,ok,steered,0.0,0,26.184,,,0,0,90.73,88.09,0.486,0.6826,0.0032,0.6551724137931034
7QPX,design_15_s1,design_15,ok,steered,1.0,0,26.224,,,0,0,88.5,85.32,0.5523,0.7286,0.0939,0.6551724137931034
7QPX,design_19_s0,design_19,ok,steered,0.0,0,26.286,,,0,0,89.24,86.29,0.4691,0.6656,0.0033,0.6
7QPX,design_03_s0,design_03,ok,steered,0.0,0,26.338,,,0,0,83.7,78.25,0.6035,0.7508,0.1324,0.5862068965517241
7QPX,design_06_s2,design_06,ok,steered,2.0,0,26.44,,,0,0,89.51,86.48,0.408,0.6323,0.0029,0.6206896551724138
7QPX,design_01_s1,design_01,ok,steered,1.0,0,26.451,,,0,0,91.51,89.69,0.5839,0.7429,0.1223,0.5517241379310345
7QPX,design_13_s1,design_13,ok,steered,1.0,0,26.711,,,0,0,90.4,87.68,0.3993,0.6368,0.0028,0.5483870967741935
7QPX,design_08_s0,design_08,ok,steered,0.0,0,26.725,,,0,0,91.19,88.47,0.5214,0.7048,0.0337,0.5666666666666667
7QPX,design_08_s1,design_08,ok,steered,1.0,0,26.746,,,0,0,89.89,86.81,0.637,0.7824,0.1497,0.5483870967741935
7QPX,design_11_s2,design_11,ok,steered,2.0,0,26.764,,,0,0,85.56,80.61,0.6155,0.7709,0.1432,0.6071428571428571
7QPX,design_19_s1,design_19,ok,steered,1.0,0,26.849,,,0,0,86.69,82.78,0.4738,0.6743,0.0032,0.5806451612903226
7QPX,design_01_s0,design_01,ok,steered,0.0,0,26.863,,,0,0,86.74,82.54,0.4136,0.6423,0.0029,0.5862068965517241
7QPX,design_04_s0,design_04,ok,steered,0.0,0,26.863,,,0,0,88.32,84.47,0.4418,0.6672,0.003,0.6
7QPX,design_14_s1,design_14,ok,steered,1.0,0,26.877,,,0,0,88.94,85.3,0.4198,0.6549,0.0029,0.5862068965517241
7QPX,design_17_s0,design_17,ok,steered,0.0,0,26.879,,,0,0,88.91,86.17,0.3965,0.6282,0.0028,0.53125
7QPX,design_11_s1,design_11,ok,steered,1.0,0,26.954,,,0,0,86.11,82.56,0.5747,0.732,0.1103,0.6551724137931034
7QPX,design_06_s1,design_06,ok,steered,1.0,0,27.147,,,0,0,87.97,83.47,0.3754,0.6305,0.0027,0.5666666666666667
7QPX,design_16_s1,design_16,ok,steered,1.0,0,27.347,,,0,0,86.94,83.3,0.3778,0.6281,0.0027,0.6333333333333333
7QPX,design_19_s2,design_19,ok,steered,2.0,0,28.324,,,0,0,87.03,82.42,0.6062,0.7719,0.1226,0.4333333333333333
7QZD,initial,initial,initial,cold_start,0.0,0,2.899,,,0,1,87.94,83.67999999999999,0.9095,0.928,0.7697,0.9230769230769232
7QZD,initial_s2,initial,initial,cold_start,2.0,0,2.727,,,0,1,86.38,81.53,0.9269,0.9378,0.813,0.8888888888888888
7QZD,initial_s1,initial,initial,cold_start,1.0,0,3.72,,,0,1,85.68,79.7,0.9189,0.9276,0.7875,0.8571428571428571
5ZNG,initial,initial,initial,cold_start,0.0,0,1.856,,,0,1,93.46,93.86,0.8681,0.9127,0.6625,0.9375
5ZNG,initial_s2,initial,initial,cold_start,2.0,0,1.746,,,0,1,93.49,93.81,0.8758,0.9186,0.6665,1.0
5ZNG,initial_s1,initial,initial,cold_start,1.0,0,1.82,,,0,1,93.49,93.61,0.8885,0.9246,0.729,0.8235294117647058
9IP6,initial,initial,initial,cold_start,0.0,0,1.745,,,0,1,93.61,92.60000000000001,0.8852,0.9257,0.7006,1.0
9IP6,initial_s2,initial,initial,cold_start,2.0,0,1.808,,,0,1,93.17,92.14,0.8835,0.9256,0.6861,1.0
9IP6,initial_s1,initial,initial,cold_start,1.0,0,1.722,,,0,1,93.24,91.96,0.8686,0.9133,0.6285,0.9375
9IMU,initial,initial,initial,cold_start,0.0,0,1.998,,,0,1,87.38,83.35000000000001,0.6559,0.7822,0.2197,0.8636363636363636
9IMU,initial_s2,initial,initial,cold_start,2.0,0,1.149,,,0,1,89.94,87.27000000000001,0.7492,0.837,0.3626,0.8181818181818182
9IMU,initial_s1,initial,initial,cold_start,1.0,0,1.589,,,0,1,87.57000000000001,83.78,0.7677,0.8455,0.3768,0.75
8B2R,initial,initial,initial,cold_start,0.0,0,2.512,,,0,1,93.81,94.24,0.9355,0.9461,0.8637,0.9130434782608696
8B2R,initial_s1,initial,initial,cold_start,1.0,0,3.329,,,0,1,93.87,94.37,0.9228,0.9287,0.8049,0.8333333333333334
8B2R,initial_s2,initial,initial,cold_start,2.0,0,4.292,,,0,1,94.0,94.44,0.9193,0.932,0.8117,0.8333333333333334
