arm,unit,design,base,seed_index,n_mutations,stored_ipsae_min,ipsae_full,ipsae_no_mut,ipsae_interface
negsteer,design_11_seq_0,initial,initial,,0,0.0,0.0,0.0,0.0
negsteer,design_11_seq_0,design_01_s2,design_01,2.0,6,0.5172,0.5172,0.5172,0.0747
negsteer,design_11_seq_0,design_01_s0,design_01,0.0,6,0.2793,0.2793,0.2793,0.029
negsteer,design_11_seq_0,design_01_s1,design_01,1.0,6,0.4392,0.4392,0.4202,0.0513
negsteer,design_11_seq_0,design_00_s2,design_00,2.0,6,0.0446,0.0446,0.0446,0.0033
negsteer,design_11_seq_0,design_00_s1,design_00,1.0,6,0.0,0.0,0.0,0.0
negsteer,design_11_seq_0,design_00_s0,design_00,0.0,6,0.0367,0.0367,0.0345,0.0033
negsteer,design_11_seq_0,design_02_s2,design_02,2.0,6,0.0,0.0,0.0,0.0
negsteer,design_11_seq_0,design_02_s1,design_02,1.0,6,0.0,0.0,0.0,0.0
negsteer,design_11_seq_0,design_02_s0,design_02,0.0,6,0.0,0.0,0.0,0.0
negsteer,design_11_seq_1,initial,initial,,0,0.003,0.003,0.003,0.0027
negsteer,design_11_seq_1,design_01_s1,design_01,1.0,3,0.0,0.0,0.0,0.0
negsteer,design_11_seq_1,design_02_s2,design_02,2.0,3,0.5386,0.5386,0.534,0.0768
negsteer,design_11_seq_1,design_02_s0,design_02,0.0,3,0.3347,0.3347,0.3347,0.0367
negsteer,design_11_seq_1,design_02_s1,design_02,1.0,3,0.402,0.402,0.402,0.0458
negsteer,design_11_seq_1,design_01_s0,design_01,0.0,3,0.0,0.0,0.0,0.0
negsteer,design_11_seq_1,design_01_s2,design_01,2.0,3,0.0541,0.0541,0.0535,0.0032
negsteer,design_11_seq_1,design_00_s0,design_00,0.0,3,0.0,0.0,0.0,0.0
negsteer,design_11_seq_1,design_00_s2,design_00,2.0,3,0.0,0.0,0.0,0.0
negsteer,design_11_seq_1,design_00_s1,design_00,1.0,3,0.0,0.0,0.0,0.0
negsteer,design_14_seq_0,initial,initial,,0,0.4172,0.4172,0.4172,0.0203
negsteer,design_14_seq_0,design_02_s0,design_02,0.0,3,0.8132,0.8132,0.8132,0.2097
negsteer,design_14_seq_0,design_02_s2,design_02,2.0,3,0.8369,0.8369,0.8369,0.2415
negsteer,design_14_seq_0,design_02_s1,design_02,1.0,3,0.8363,0.8363,0.8363,0.2494
negsteer,design_14_seq_0,design_01_s2,design_01,2.0,3,0.8511,0.8511,0.8473,0.2335
negsteer,design_14_seq_0,design_00_s0,design_00,0.0,3,0.698,0.698,0.6933,0.0718
negsteer,design_14_seq_0,design_00_s2,design_00,2.0,3,0.5503,0.5503,0.5374,0.0337
negsteer,design_14_seq_0,design_00_s1,design_00,1.0,3,0.763,0.763,0.7535,0.1123
negsteer,design_14_seq_0,design_01_s1,design_01,1.0,3,0.8621,0.8621,0.8581,0.245
negsteer,design_14_seq_0,design_01_s0,design_01,0.0,3,0.8296,0.8296,0.8241,0.183
negsteer,design_15_seq_1,initial,initial,0.0,0,0.3983,0.3983,0.3983,0.0219
negsteer,design_15_seq_1,initial_s2,initial,2.0,0,0.2919,0.2919,0.2919,0.0143
negsteer,design_15_seq_1,initial_s1,initial,1.0,0,0.3539,0.3539,0.3539,0.0176
negsteer,design_17_seq_0,initial,initial,0.0,0,0.7566,0.7566,0.7566,0.1304
negsteer,design_17_seq_0,initial_s2,initial,2.0,0,0.668,0.668,0.668,0.0927
negsteer,design_17_seq_0,initial_s1,initial,1.0,0,0.7024,0.7024,0.7024,0.097
negsteer,design_18_seq_0,initial,initial,,0,0.0,0.0,0.0,0.0
negsteer,design_18_seq_0,design_02_s0,design_02,0.0,6,0.0,0.0,0.0,0.0
negsteer,design_18_seq_0,design_00_s2,design_00,2.0,6,0.8002,0.8002,0.8002,0.2201
negsteer,design_18_seq_0,design_00_s1,design_00,1.0,6,0.7609,0.7609,0.7502,0.1686
negsteer,design_18_seq_0,design_00_s0,design_00,0.0,6,0.641,0.641,0.641,0.099
negsteer,design_18_seq_0,design_02_s2,design_02,2.0,6,0.1603,0.1603,0.1603,0.0064
negsteer,design_18_seq_0,design_02_s1,design_02,1.0,6,0.1703,0.1703,0.1703,0.0067
negsteer,design_18_seq_0,design_01_s0,design_01,0.0,6,0.1651,0.1651,0.1651,0.0059
negsteer,design_18_seq_0,design_01_s1,design_01,1.0,6,0.171,0.171,0.171,0.006
negsteer,design_18_seq_0,design_01_s2,design_01,2.0,6,0.3039,0.3039,0.3023,0.0116
negsteer,design_21_seq_1,initial,initial,,0,0.0722,0.0722,0.0722,0.0036
negsteer,design_21_seq_1,design_00_s1,design_00,1.0,6,0.0,0.0,0.0,0.0
negsteer,design_21_seq_1,design_02_s1,design_02,1.0,6,0.0,0.0,0.0,0.0
negsteer,design_21_seq_1,design_00_s2,design_00,2.0,6,0.0,0.0,0.0,0.0
negsteer,design_21_seq_1,design_01_s0,design_01,0.0,6,0.229,0.229,0.2252,0.016
negsteer,design_21_seq_1,design_01_s1,design_01,1.0,6,0.1545,0.1545,0.1545,0.0059
negsteer,design_21_seq_1,design_01_s2,design_01,2.0,6,0.0999,0.0999,0.0999,0.0043
negsteer,design_21_seq_1,design_00_s0,design_00,0.0,6,0.0,0.0,0.0,0.0
negsteer,design_21_seq_1,design_02_s0,design_02,0.0,6,0.0,0.0,0.0,0.0
negsteer,design_21_seq_1,design_02_s2,design_02,2.0,6,0.2183,0.2183,0.2183,0.0135
negsteer,design_26_seq_1,initial,initial,,0,0.0,0.0,0.0,0.0
negsteer,design_26_seq_1,design_01_s2,design_01,2.0,3,0.6823,0.6823,0.6761,0.1068
negsteer,design_26_seq_1,design_02_s0,design_02,0.0,3,0.6097,0.6097,0.6005,0.1023
negsteer,design_26_seq_1,design_01_s0,design_01,0.0,3,0.6063,0.6063,0.5997,0.0767
negsteer,design_26_seq_1,design_02_s1,design_02,1.0,3,0.7359,0.7359,0.7277,0.1577
negsteer,design_26_seq_1,design_01_s1,design_01,1.0,3,0.7864,0.7864,0.7826,0.1885
negsteer,design_26_seq_1,design_02_s2,design_02,2.0,3,0.7925,0.7925,0.7847,0.1978
negsteer,design_26_seq_1,design_00_s1,design_00,1.0,3,0.0,0.0,0.0,0.0
negsteer,design_26_seq_1,design_00_s0,design_00,0.0,3,0.0,0.0,0.0,0.0
negsteer,design_26_seq_1,design_00_s2,design_00,2.0,3,0.0,0.0,0.0,0.0
negsteer,design_29_seq_0,initial,initial,0.0,0,0.1621,0.1621,0.1621,0.0067
negsteer,design_29_seq_0,initial_s1,initial,1.0,0,0.0516,0.0516,0.0516,0.0037
negsteer,design_29_seq_0,initial_s2,initial,2.0,0,0.1319,0.1319,0.1319,0.0052
negsteer,design_29_seq_1,initial,initial,,0,0.2809,0.2809,0.2809,0.0106
negsteer,design_29_seq_1,design_00_s1,design_00,1.0,3,0.7158,0.7158,0.7158,0.0906
negsteer,design_29_seq_1,design_00_s2,design_00,2.0,3,0.7917,0.7917,0.7834,0.1534
negsteer,design_29_seq_1,design_00_s0,design_00,0.0,3,0.6183,0.6183,0.6183,0.0607
negsteer,design_29_seq_1,design_01_s2,design_01,2.0,3,0.1329,0.1329,0.1329,0.006
negsteer,design_29_seq_1,design_01_s0,design_01,0.0,3,0.1482,0.1482,0.1482,0.0063
negsteer,design_29_seq_1,design_01_s1,design_01,1.0,3,0.0903,0.0903,0.0903,0.0047
negsteer,design_29_seq_1,design_02_s1,design_02,1.0,3,0.2874,0.2874,0.2874,0.0109
negsteer,design_29_seq_1,design_02_s0,design_02,0.0,3,0.1358,0.1358,0.1358,0.005
negsteer,design_29_seq_1,design_02_s2,design_02,2.0,3,0.2279,0.2279,0.2279,0.0097
negsteer,design_2_seq_0,initial,initial,0.0,0,0.2647,0.2647,0.2647,0.0178
negsteer,design_2_seq_0,initial_s2,initial,2.0,0,0.3262,0.3262,0.3262,0.0219
negsteer,design_2_seq_0,initial_s1,initial,1.0,0,0.3187,0.3187,0.3187,0.0227
negsteer,design_31_seq_0,initial,initial,,0,0.1323,0.1323,0.1323,0.0049
negsteer,design_31_seq_0,design_00_s2,design_00,2.0,6,0.0033,0.0033,0.0033,0.0032
negsteer,design_31_seq_0,design_01_s2,design_01,2.0,6,0.0,0.0,0.0,0.0
negsteer,design_31_seq_0,design_02_s2,design_02,2.0,6,0.0,0.0,0.0,0.0
negsteer,design_31_seq_0,design_01_s0,design_01,0.0,6,0.0,0.0,0.0,0.0
negsteer,design_31_seq_0,design_00_s1,design_00,1.0,6,0.0221,0.0221,0.0205,0.0036
negsteer,design_31_seq_0,design_01_s1,design_01,1.0,6,0.0026,0.0026,0.0026,0.0026
negsteer,design_31_seq_0,design_02_s1,design_02,1.0,6,0.0026,0.0026,0.0026,0.0026
negsteer,design_31_seq_0,design_00_s0,design_00,0.0,6,0.0486,0.0486,0.0423,0.0032
negsteer,design_31_seq_0,design_02_s0,design_02,0.0,6,0.0,0.0,0.0,0.0
negsteer,design_31_seq_1,initial,initial,,0,0.1246,0.1246,0.1246,0.005
negsteer,design_31_seq_1,design_02_s1,design_02,1.0,6,0.0,0.0,0.0,0.0
negsteer,design_31_seq_1,design_00_s1,design_00,1.0,6,0.1002,0.1002,0.1002,0.0043
negsteer,design_31_seq_1,design_00_s2,design_00,2.0,6,0.128,0.128,0.128,0.005
negsteer,design_31_seq_1,design_01_s0,design_01,0.0,6,0.0027,0.0027,0.0027,0.0025
negsteer,design_31_seq_1,design_02_s2,design_02,2.0,6,0.1609,0.1609,0.1609,0.0065
negsteer,design_31_seq_1,design_02_s0,design_02,0.0,6,0.0,0.0,0.0,0.0
negsteer,design_31_seq_1,design_01_s1,design_01,1.0,6,0.0,0.0,0.0,0.0
negsteer,design_31_seq_1,design_01_s2,design_01,2.0,6,0.0,0.0,0.0,0.0
negsteer,design_31_seq_1,design_00_s0,design_00,0.0,6,0.0,0.0,0.0,0.0
negsteer,design_34_seq_0,initial,initial,,0,0.0561,0.0561,0.0561,0.0035
negsteer,design_34_seq_0,design_00_s1,design_00,1.0,3,0.323,0.323,0.323,0.0146
negsteer,design_34_seq_0,design_00_s0,design_00,0.0,3,0.6756,0.6756,0.6756,0.075
negsteer,design_34_seq_0,design_00_s2,design_00,2.0,3,0.7431,0.7431,0.7328,0.11
negsteer,design_34_seq_0,design_01_s2,design_01,2.0,3,0.0,0.0,0.0,0.0
negsteer,design_34_seq_0,design_01_s0,design_01,0.0,3,0.0,0.0,0.0,0.0
negsteer,design_34_seq_0,design_01_s1,design_01,1.0,3,0.0,0.0,0.0,0.0
negsteer,design_34_seq_0,design_02_s0,design_02,0.0,3,0.2968,0.2968,0.2968,0.0165
negsteer,design_34_seq_0,design_02_s1,design_02,1.0,3,0.2129,0.2129,0.2129,0.0111
negsteer,design_34_seq_0,design_02_s2,design_02,2.0,3,0.3122,0.3122,0.3122,0.0158
negsteer,design_35_seq_0,initial,initial,0.0,0,0.1122,0.1122,0.1122,0.0059
negsteer,design_35_seq_0,initial_s1,initial,1.0,0,0.1253,0.1253,0.1253,0.0065
negsteer,design_35_seq_0,initial_s2,initial,2.0,0,0.1142,0.1142,0.1142,0.0054
negsteer,design_38_seq_0,initial,initial,,0,0.3668,0.3668,0.3668,0.0322
negsteer,design_38_seq_0,design_00_s1,design_00,1.0,3,0.0028,0.0028,0.0028,0.0028
negsteer,design_38_seq_0,design_02_s0,design_02,0.0,3,0.4595,0.4595,0.4553,0.0409
negsteer,design_38_seq_0,design_02_s1,design_02,1.0,3,0.4616,0.4616,0.4616,0.0349
negsteer,design_38_seq_0,design_00_s2,design_00,2.0,3,0.0054,0.0054,0.0054,0.0038
negsteer,design_38_seq_0,design_01_s2,design_01,2.0,3,0.4725,0.4725,0.4725,0.0586
negsteer,design_38_seq_0,design_01_s1,design_01,1.0,3,0.3725,0.3725,0.3725,0.0376
negsteer,design_38_seq_0,design_00_s0,design_00,0.0,3,0.0029,0.0029,0.0029,0.0029
negsteer,design_38_seq_0,design_02_s2,design_02,2.0,3,0.4585,0.4585,0.4585,0.0447
negsteer,design_38_seq_0,design_01_s0,design_01,0.0,3,0.3881,0.3881,0.3881,0.0346
negsteer,design_39_seq_0,initial,initial,0.0,0,0.4932,0.4932,0.4932,0.032
negsteer,design_39_seq_0,initial_s1,initial,1.0,0,0.403,0.403,0.403,0.0211
negsteer,design_39_seq_0,initial_s2,initial,2.0,0,0.5197,0.5197,0.5197,0.0389
negsteer,design_39_seq_1,initial,initial,,0,0.3367,0.3367,0.3367,0.0158
negsteer,design_39_seq_1,design_00_s1,design_00,1.0,3,0.8894,0.8894,0.8838,0.2922
negsteer,design_39_seq_1,design_00_s2,design_00,2.0,3,0.8667,0.8667,0.8601,0.2607
negsteer,design_39_seq_1,design_00_s0,design_00,0.0,3,0.8818,0.8818,0.8758,0.2721
negsteer,design_39_seq_1,design_02_s0,design_02,0.0,3,0.8469,0.8469,0.8466,0.2406
negsteer,design_39_seq_1,design_02_s1,design_02,1.0,3,0.7714,0.7714,0.7714,0.1759
negsteer,design_39_seq_1,design_01_s2,design_01,2.0,3,0.6475,0.6475,0.6475,0.0861
negsteer,design_39_seq_1,design_01_s1,design_01,1.0,3,0.763,0.763,0.7598,0.1552
negsteer,design_39_seq_1,design_01_s0,design_01,0.0,3,0.9078,0.9078,0.9048,0.3458
negsteer,design_39_seq_1,design_02_s2,design_02,2.0,3,0.7996,0.7996,0.7996,0.1919
negsteer,design_40_seq_0,initial,initial,0.0,0,0.8051,0.8051,0.8051,0.1751
negsteer,design_40_seq_0,initial_s2,initial,2.0,0,0.7754,0.7754,0.7754,0.1508
negsteer,design_40_seq_0,initial_s1,initial,1.0,0,0.7498,0.7498,0.7498,0.1275
negsteer,design_40_seq_1,initial,initial,0.0,0,0.4254,0.4254,0.4254,0.0289
negsteer,design_40_seq_1,initial_s2,initial,2.0,0,0.3889,0.3889,0.3889,0.0226
negsteer,design_40_seq_1,initial_s1,initial,1.0,0,0.4284,0.4284,0.4284,0.0297
negsteer,design_42_seq_0,initial,initial,0.0,0,0.2821,0.2821,0.2821,0.0187
negsteer,design_42_seq_0,initial_s2,initial,2.0,0,0.3183,0.3183,0.3183,0.023
negsteer,design_42_seq_0,initial_s1,initial,1.0,0,0.3185,0.3185,0.3185,0.0202
negsteer,design_42_seq_1,initial,initial,,0,0.0029,0.0029,0.0029,0.0026
negsteer,design_42_seq_1,design_02_s2,design_02,2.0,6,0.7544,0.7544,0.7544,0.181
negsteer,design_42_seq_1,design_01_s2,design_01,2.0,6,0.7346,0.7346,0.731,0.1455
negsteer,design_42_seq_1,design_01_s1,design_01,1.0,6,0.6063,0.6063,0.592,0.0872
negsteer,design_42_seq_1,design_00_s2,design_00,2.0,6,0.671,0.671,0.6584,0.11
negsteer,design_42_seq_1,design_00_s1,design_00,1.0,6,0.6334,0.6334,0.6216,0.0852
negsteer,design_42_seq_1,design_00_s0,design_00,0.0,6,0.6954,0.6954,0.6845,0.1235
negsteer,design_42_seq_1,design_01_s0,design_01,0.0,6,0.6897,0.6897,0.6897,0.1185
negsteer,design_42_seq_1,design_02_s1,design_02,1.0,6,0.0,0.0,0.0,0.0
negsteer,design_42_seq_1,design_02_s0,design_02,0.0,6,0.0,0.0,0.0,0.0
negsteer,design_43_seq_0,initial,initial,,0,0.0,0.0,0.0,0.0
negsteer,design_43_seq_0,design_00_s1,design_00,1.0,6,0.1251,0.1251,0.1251,0.0056
negsteer,design_43_seq_0,design_00_s2,design_00,2.0,6,0.0915,0.0915,0.0915,0.0039
negsteer,design_43_seq_0,design_00_s0,design_00,0.0,6,0.0776,0.0776,0.0776,0.0038
negsteer,design_43_seq_0,design_02_s0,design_02,0.0,6,0.0348,0.0348,0.0348,0.0039
negsteer,design_43_seq_0,design_01_s2,design_01,2.0,6,0.3293,0.3293,0.3293,0.0156
negsteer,design_43_seq_0,design_01_s0,design_01,0.0,6,0.2173,0.2173,0.2173,0.0103
negsteer,design_43_seq_0,design_01_s1,design_01,1.0,6,0.171,0.171,0.1686,0.0081
negsteer,design_43_seq_0,design_02_s1,design_02,1.0,6,0.0029,0.0029,0.0029,0.0029
negsteer,design_43_seq_0,design_02_s2,design_02,2.0,6,0.266,0.266,0.266,0.0168
negsteer,design_43_seq_1,initial,initial,,0,0.2385,0.2385,0.2385,0.0106
negsteer,design_43_seq_1,design_01_s0,design_01,0.0,3,0.1254,0.1254,0.1254,0.0055
negsteer,design_43_seq_1,design_01_s1,design_01,1.0,3,0.1746,0.1746,0.1746,0.01
negsteer,design_43_seq_1,design_00_s1,design_00,1.0,3,0.2289,0.2289,0.2289,0.0093
negsteer,design_43_seq_1,design_02_s1,design_02,1.0,3,0.0518,0.0518,0.0518,0.004
negsteer,design_43_seq_1,design_00_s2,design_00,2.0,3,0.1366,0.1366,0.1366,0.0057
negsteer,design_43_seq_1,design_00_s0,design_00,0.0,3,0.1285,0.1285,0.1285,0.0051
negsteer,design_43_seq_1,design_02_s2,design_02,2.0,3,0.0779,0.0779,0.0779,0.0056
negsteer,design_43_seq_1,design_01_s2,design_01,2.0,3,0.1319,0.1319,0.1319,0.0067
negsteer,design_43_seq_1,design_02_s0,design_02,0.0,3,0.3423,0.3423,0.3423,0.014
negsteer,design_45_seq_1,initial,initial,,0,0.3606,0.3606,0.3606,0.0179
negsteer,design_45_seq_1,design_01_s1,design_01,1.0,3,0.0,0.0,0.0,0.0
negsteer,design_45_seq_1,design_01_s0,design_01,0.0,3,0.3681,0.3681,0.3586,0.0163
negsteer,design_45_seq_1,design_00_s0,design_00,0.0,3,0.0,0.0,0.0,0.0
negsteer,design_45_seq_1,design_01_s2,design_01,2.0,3,0.0,0.0,0.0,0.0
negsteer,design_45_seq_1,design_00_s2,design_00,2.0,3,0.0,0.0,0.0,0.0
negsteer,design_45_seq_1,design_00_s1,design_00,1.0,3,0.0,0.0,0.0,0.0
negsteer,design_45_seq_1,design_02_s1,design_02,1.0,3,0.2639,0.2639,0.2639,0.0117
negsteer,design_45_seq_1,design_02_s2,design_02,2.0,3,0.2017,0.2017,0.2017,0.0077
negsteer,design_45_seq_1,design_02_s0,design_02,0.0,3,0.1918,0.1918,0.1918,0.0077
negsteer,design_47_seq_0,initial,initial,0.0,0,0.7569,0.7569,0.7569,0.1188
negsteer,design_47_seq_0,initial_s1,initial,1.0,0,0.774,0.774,0.774,0.116
negsteer,design_47_seq_0,initial_s2,initial,2.0,0,0.804,0.804,0.804,0.1572
negsteer,design_47_seq_1,initial,initial,0.0,0,0.1436,0.1436,0.1436,0.0061
negsteer,design_47_seq_1,initial_s1,initial,1.0,0,0.0871,0.0871,0.0871,0.0043
negsteer,design_47_seq_1,initial_s2,initial,2.0,0,0.0028,0.0028,0.0028,0.0028
negsteer,design_49_seq_0,initial,initial,0.0,0,0.7743,0.7743,0.7743,0.1463
negsteer,design_49_seq_0,initial_s2,initial,2.0,0,0.7761,0.7761,0.7761,0.1558
negsteer,design_49_seq_0,initial_s1,initial,1.0,0,0.8216,0.8216,0.8216,0.1863
negsteer,design_49_seq_1,initial,initial,0.0,0,0.1922,0.1922,0.1922,0.009
negsteer,design_49_seq_1,initial_s2,initial,2.0,0,0.3286,0.3286,0.3286,0.017
negsteer,design_49_seq_1,initial_s1,initial,1.0,0,0.2004,0.2004,0.2004,0.0091
negsteer,design_51_seq_0,initial,initial,0.0,0,0.1729,0.1729,0.1729,0.0084
negsteer,design_51_seq_0,initial_s2,initial,2.0,0,0.1119,0.1119,0.1119,0.0057
negsteer,design_51_seq_0,initial_s1,initial,1.0,0,0.3225,0.3225,0.3225,0.0196
negsteer,design_51_seq_1,initial,initial,0.0,0,0.0,0.0,0.0,0.0
negsteer,design_51_seq_1,initial_s2,initial,2.0,0,0.1848,0.1848,0.1848,0.0078
negsteer,design_51_seq_1,initial_s1,initial,1.0,0,0.601,0.601,0.601,0.0688
negsteer,design_52_seq_1,initial,initial,0.0,0,0.0249,0.0249,0.0249,0.004
negsteer,design_52_seq_1,initial_s2,initial,2.0,0,0.1181,0.1181,0.1181,0.0052
negsteer,design_52_seq_1,initial_s1,initial,1.0,0,0.2044,0.2044,0.2044,0.0095
negsteer,design_57_seq_0,initial,initial,,0,0.0622,0.0622,0.0622,0.0035
negsteer,design_57_seq_0,design_01_s0,design_01,0.0,3,0.003,0.003,0.003,0.0028
negsteer,design_57_seq_0,design_00_s1,design_00,1.0,3,0.0,0.0,0.0,0.0
negsteer,design_57_seq_0,design_00_s2,design_00,2.0,3,0.1222,0.1222,0.1222,0.0067
negsteer,design_57_seq_0,design_00_s0,design_00,0.0,3,0.0,0.0,0.0,0.0
negsteer,design_57_seq_0,design_02_s0,design_02,0.0,3,0.1178,0.1178,0.1178,0.0048
negsteer,design_57_seq_0,design_02_s2,design_02,2.0,3,0.1089,0.1089,0.1089,0.0049
negsteer,design_57_seq_0,design_02_s1,design_02,1.0,3,0.1077,0.1077,0.1077,0.005
negsteer,design_57_seq_0,design_01_s2,design_01,2.0,3,0.1929,0.1929,0.1929,0.0077
negsteer,design_57_seq_0,design_01_s1,design_01,1.0,3,0.1719,0.1719,0.1719,0.0073
negsteer,design_59_seq_1,initial,initial,0.0,0,0.2162,0.2162,0.2162,0.0109
negsteer,design_59_seq_1,initial_s1,initial,1.0,0,0.1575,0.1575,0.1575,0.0072
negsteer,design_59_seq_1,initial_s2,initial,2.0,0,0.1267,0.1267,0.1267,0.0054
negsteer,design_5_seq_0,initial,initial,0.0,0,0.1888,0.1888,0.1888,0.0078
negsteer,design_5_seq_0,initial_s2,initial,2.0,0,0.2032,0.2032,0.2032,0.0086
negsteer,design_5_seq_0,initial_s1,initial,1.0,0,0.1992,0.1992,0.1992,0.0088
negsteer,design_5_seq_1,initial,initial,0.0,0,0.5765,0.5765,0.5765,0.0609
negsteer,design_5_seq_1,initial_s1,initial,1.0,0,0.5141,0.5141,0.5141,0.0476
negsteer,design_5_seq_1,initial_s2,initial,2.0,0,0.6334,0.6334,0.6334,0.0809
negsteer,design_6_seq_0,initial,initial,0.0,0,0.6335,0.6335,0.6335,0.0614
negsteer,design_6_seq_0,initial_s1,initial,1.0,0,0.3868,0.3868,0.3868,0.0202
negsteer,design_6_seq_0,initial_s2,initial,2.0,0,0.5307,0.5307,0.5307,0.0394
negsteer,design_6_seq_1,initial,initial,0.0,0,0.7915,0.7915,0.7915,0.1403
negsteer,design_6_seq_1,initial_s2,initial,2.0,0,0.8111,0.8111,0.8111,0.1662
negsteer,design_6_seq_1,initial_s1,initial,1.0,0,0.694,0.694,0.694,0.0914
negsteer,design_8_seq_0,initial,initial,,0,0.1356,0.1356,0.1356,0.0044
negsteer,design_8_seq_0,design_00_s1,design_00,1.0,3,0.5787,0.5787,0.5787,0.0663
negsteer,design_8_seq_0,design_01_s0,design_01,0.0,3,0.0536,0.0536,0.0471,0.0051
negsteer,design_8_seq_0,design_02_s2,design_02,2.0,3,0.2053,0.2053,0.2053,0.0131
negsteer,design_8_seq_0,design_00_s0,design_00,0.0,3,0.5893,0.5893,0.5893,0.0687
negsteer,design_8_seq_0,design_02_s0,design_02,0.0,3,0.1866,0.1866,0.1866,0.0106
negsteer,design_8_seq_0,design_02_s1,design_02,1.0,3,0.1418,0.1418,0.1418,0.0074
negsteer,design_8_seq_0,design_00_s2,design_00,2.0,3,0.7398,0.7398,0.7398,0.1171
negsteer,design_8_seq_0,design_01_s1,design_01,1.0,3,0.0978,0.0978,0.0912,0.0071
negsteer,design_8_seq_0,design_01_s2,design_01,2.0,3,0.1583,0.1583,0.1583,0.0095
negsteer+constraints,design_11_seq_0,initial,initial,0.0,0,0.8414,0.8414,0.8414,0.3506
negsteer+constraints,design_11_seq_0,initial_s2,initial,2.0,0,0.8337,0.8337,0.8337,0.3378
negsteer+constraints,design_11_seq_0,initial_s1,initial,1.0,0,0.8585,0.8585,0.8585,0.3793
negsteer+constraints,design_11_seq_1,initial,initial,,0,0.5473,0.5473,0.5473,0.0767
negsteer+constraints,design_11_seq_1,design_02_s2,design_02,2.0,3,0.8868,0.8868,0.8816,0.4397
negsteer+constraints,design_11_seq_1,design_02_s0,design_02,0.0,3,0.9026,0.9026,0.8973,0.4773
negsteer+constraints,design_11_seq_1,design_01_s1,design_01,1.0,3,0.8701,0.8701,0.8656,0.4072
negsteer+constraints,design_11_seq_1,design_01_s0,design_01,0.0,3,0.8518,0.8518,0.847,0.3686
negsteer+constraints,design_11_seq_1,design_02_s1,design_02,1.0,3,0.9009,0.9009,0.8955,0.4693
negsteer+constraints,design_11_seq_1,design_01_s2,design_01,2.0,3,0.878,0.878,0.8737,0.4133
negsteer+constraints,design_11_seq_1,design_00_s2,design_00,2.0,3,0.8352,0.8352,0.8291,0.3424
negsteer+constraints,design_11_seq_1,design_00_s0,design_00,0.0,3,0.8804,0.8804,0.8754,0.4102
negsteer+constraints,design_11_seq_1,design_00_s1,design_00,1.0,3,0.8873,0.8873,0.8827,0.4266
negsteer+constraints,design_14_seq_0,initial,initial,0.0,0,0.8338,0.8338,0.8338,0.2152
negsteer+constraints,design_14_seq_0,initial_s1,initial,1.0,0,0.8441,0.8441,0.8441,0.2391
negsteer+constraints,design_14_seq_0,initial_s2,initial,2.0,0,0.8446,0.8446,0.8446,0.2386
negsteer+constraints,design_15_seq_1,initial,initial,0.0,0,0.8067,0.8067,0.8067,0.1989
negsteer+constraints,design_15_seq_1,initial_s1,initial,1.0,0,0.8268,0.8268,0.8268,0.2187
negsteer+constraints,design_15_seq_1,initial_s2,initial,2.0,0,0.8379,0.8379,0.8379,0.2385
negsteer+constraints,design_17_seq_0,initial,initial,0.0,0,0.6578,0.6578,0.6578,0.1105
negsteer+constraints,design_17_seq_0,initial_s2,initial,2.0,0,0.7061,0.7061,0.7061,0.1375
negsteer+constraints,design_17_seq_0,initial_s1,initial,1.0,0,0.7599,0.7599,0.7599,0.169
negsteer+constraints,design_18_seq_0,initial,initial,,0,0.7111,0.7111,0.7111,0.1097
negsteer+constraints,design_18_seq_0,design_00_s0,design_00,0.0,3,0.8043,0.8043,0.7946,0.2312
negsteer+constraints,design_18_seq_0,design_02_s1,design_02,1.0,3,0.8756,0.8756,0.8691,0.3292
negsteer+constraints,design_18_seq_0,design_00_s2,design_00,2.0,3,0.7633,0.7633,0.7523,0.1951
negsteer+constraints,design_18_seq_0,design_02_s2,design_02,2.0,3,0.8862,0.8862,0.8801,0.3533
negsteer+constraints,design_18_seq_0,design_00_s1,design_00,1.0,3,0.8231,0.8231,0.8142,0.252
negsteer+constraints,design_18_seq_0,design_02_s0,design_02,0.0,3,0.8769,0.8769,0.8703,0.336
negsteer+constraints,design_18_seq_0,design_01_s0,design_01,0.0,3,0.2406,0.2406,0.2406,0.0106
negsteer+constraints,design_18_seq_0,design_01_s1,design_01,1.0,3,0.2033,0.2033,0.2033,0.0091
negsteer+constraints,design_18_seq_0,design_01_s2,design_01,2.0,3,0.1481,0.1481,0.1481,0.0059
negsteer+constraints,design_21_seq_1,initial,initial,0.0,0,0.8691,0.8691,0.8691,0.361
negsteer+constraints,design_21_seq_1,initial_s2,initial,2.0,0,0.8917,0.8917,0.8917,0.4052
negsteer+constraints,design_21_seq_1,initial_s1,initial,1.0,0,0.8759,0.8759,0.8759,0.3834
negsteer+constraints,design_26_seq_1,initial,initial,0.0,0,0.8516,0.8516,0.8516,0.2764
negsteer+constraints,design_26_seq_1,initial_s1,initial,1.0,0,0.843,0.843,0.843,0.2641
negsteer+constraints,design_26_seq_1,initial_s2,initial,2.0,0,0.8242,0.8242,0.8242,0.2604
negsteer+constraints,design_29_seq_0,initial,initial,0.0,0,0.4754,0.4754,0.4754,0.0432
negsteer+constraints,design_29_seq_0,initial_s2,initial,2.0,0,0.4731,0.4731,0.4731,0.0395
negsteer+constraints,design_29_seq_0,initial_s1,initial,1.0,0,0.5884,0.5884,0.5884,0.0684
negsteer+constraints,design_29_seq_1,initial,initial,,0,0.6044,0.6044,0.6044,0.047
negsteer+constraints,design_29_seq_1,design_02_s2,design_02,2.0,3,0.5734,0.5734,0.5601,0.0549
negsteer+constraints,design_29_seq_1,design_01_s0,design_01,0.0,3,0.7873,0.7873,0.7802,0.1679
negsteer+constraints,design_29_seq_1,design_02_s1,design_02,1.0,3,0.4702,0.4702,0.4568,0.0337
negsteer+constraints,design_29_seq_1,design_01_s1,design_01,1.0,3,0.7655,0.7655,0.7577,0.1468
negsteer+constraints,design_29_seq_1,design_01_s2,design_01,2.0,3,0.8003,0.8003,0.7936,0.1772
negsteer+constraints,design_29_seq_1,design_02_s0,design_02,0.0,3,0.7063,0.7063,0.7063,0.0894
negsteer+constraints,design_29_seq_1,design_00_s1,design_00,1.0,3,0.6798,0.6798,0.6798,0.0906
negsteer+constraints,design_29_seq_1,design_00_s2,design_00,2.0,3,0.7374,0.7374,0.7323,0.097
negsteer+constraints,design_29_seq_1,design_00_s0,design_00,0.0,3,0.6623,0.6623,0.6623,0.0886
negsteer+constraints,design_2_seq_0,initial,initial,0.0,0,0.8086,0.8086,0.8086,0.2497
negsteer+constraints,design_2_seq_0,initial_s2,initial,2.0,0,0.8261,0.8261,0.8261,0.2833
negsteer+constraints,design_2_seq_0,initial_s1,initial,1.0,0,0.7783,0.7783,0.7783,0.2031
negsteer+constraints,design_31_seq_0,initial,initial,0.0,0,0.5528,0.5528,0.5528,0.0528
negsteer+constraints,design_31_seq_0,initial_s2,initial,2.0,0,0.4427,0.4427,0.4427,0.0294
negsteer+constraints,design_31_seq_0,initial_s1,initial,1.0,0,0.4673,0.4673,0.4673,0.0354
negsteer+constraints,design_31_seq_1,initial,initial,,0,0.1254,0.1254,0.1254,0.0065
negsteer+constraints,design_31_seq_1,design_02_s2,design_02,2.0,3,0.0708,0.0708,0.064,0.0048
negsteer+constraints,design_31_seq_1,design_00_s2,design_00,2.0,3,0.4511,0.4511,0.4377,0.0334
negsteer+constraints,design_31_seq_1,design_00_s1,design_00,1.0,3,0.1611,0.1611,0.1611,0.0089
negsteer+constraints,design_31_seq_1,design_02_s0,design_02,0.0,3,0.0525,0.0525,0.0455,0.0041
negsteer+constraints,design_31_seq_1,design_02_s1,design_02,1.0,3,0.142,0.142,0.1349,0.0054
negsteer+constraints,design_31_seq_1,design_00_s0,design_00,0.0,3,0.292,0.292,0.292,0.0171
negsteer+constraints,design_31_seq_1,design_01_s0,design_01,0.0,3,0.5098,0.5098,0.4949,0.0365
negsteer+constraints,design_31_seq_1,design_01_s1,design_01,1.0,3,0.3819,0.3819,0.3819,0.0176
negsteer+constraints,design_31_seq_1,design_01_s2,design_01,2.0,3,0.6579,0.6579,0.6464,0.0583
negsteer+constraints,design_34_seq_0,initial,initial,,0,0.57,0.57,0.57,0.0448
negsteer+constraints,design_34_seq_0,design_01_s1,design_01,1.0,3,0.7863,0.7863,0.7813,0.1885
negsteer+constraints,design_34_seq_0,design_00_s2,design_00,2.0,3,0.7989,0.7989,0.7989,0.2166
negsteer+constraints,design_34_seq_0,design_00_s0,design_00,0.0,3,0.8651,0.8651,0.8623,0.2782
negsteer+constraints,design_34_seq_0,design_00_s1,design_00,1.0,3,0.835,0.835,0.835,0.2376
negsteer+constraints,design_34_seq_0,design_01_s2,design_01,2.0,3,0.7108,0.7108,0.7032,0.1314
negsteer+constraints,design_34_seq_0,design_01_s0,design_01,0.0,3,0.8183,0.8183,0.8135,0.2142
negsteer+constraints,design_34_seq_0,design_02_s1,design_02,1.0,3,0.463,0.463,0.4476,0.0238
negsteer+constraints,design_34_seq_0,design_02_s0,design_02,0.0,3,0.4587,0.4587,0.4426,0.0223
negsteer+constraints,design_34_seq_0,design_02_s2,design_02,2.0,3,0.422,0.422,0.422,0.0185
negsteer+constraints,design_35_seq_0,initial,initial,0.0,0,0.7275,0.7275,0.7275,0.1354
negsteer+constraints,design_35_seq_0,initial_s2,initial,2.0,0,0.7588,0.7588,0.7588,0.1519
negsteer+constraints,design_35_seq_0,initial_s1,initial,1.0,0,0.7183,0.7183,0.7183,0.1211
negsteer+constraints,design_38_seq_0,initial,initial,,0,0.7786,0.7786,0.7786,0.1576
negsteer+constraints,design_38_seq_0,design_01_s0,design_01,0.0,3,0.6746,0.6746,0.668,0.0885
negsteer+constraints,design_38_seq_0,design_01_s1,design_01,1.0,3,0.6253,0.6253,0.6181,0.0693
negsteer+constraints,design_38_seq_0,design_02_s1,design_02,1.0,3,0.2989,0.2989,0.29,0.0211
negsteer+constraints,design_38_seq_0,design_00_s1,design_00,1.0,3,0.7297,0.7297,0.7224,0.1566
negsteer+constraints,design_38_seq_0,design_02_s0,design_02,0.0,3,0.3941,0.3941,0.3849,0.035
negsteer+constraints,design_38_seq_0,design_00_s0,design_00,0.0,3,0.5686,0.5686,0.5609,0.089
negsteer+constraints,design_38_seq_0,design_00_s2,design_00,2.0,3,0.7871,0.7871,0.781,0.209
negsteer+constraints,design_38_seq_0,design_02_s2,design_02,2.0,3,0.6212,0.6212,0.6121,0.0796
negsteer+constraints,design_38_seq_0,design_01_s2,design_01,2.0,3,0.6277,0.6277,0.6277,0.075
negsteer+constraints,design_39_seq_0,initial,initial,0.0,0,0.8814,0.8814,0.8814,0.3033
negsteer+constraints,design_39_seq_0,initial_s1,initial,1.0,0,0.8693,0.8693,0.8693,0.2791
negsteer+constraints,design_39_seq_0,initial_s2,initial,2.0,0,0.8746,0.8746,0.8746,0.2978
negsteer+constraints,design_39_seq_1,initial,initial,0.0,0,0.8976,0.8976,0.8976,0.3452
negsteer+constraints,design_39_seq_1,initial_s2,initial,2.0,0,0.9063,0.9063,0.9063,0.3629
negsteer+constraints,design_39_seq_1,initial_s1,initial,1.0,0,0.8858,0.8858,0.8858,0.3225
negsteer+constraints,design_40_seq_0,initial,initial,0.0,0,0.8862,0.8862,0.8862,0.3073
negsteer+constraints,design_40_seq_0,initial_s1,initial,1.0,0,0.8746,0.8746,0.8746,0.289
negsteer+constraints,design_40_seq_0,initial_s2,initial,2.0,0,0.878,0.878,0.878,0.2949
negsteer+constraints,design_40_seq_1,initial,initial,0.0,0,0.8705,0.8705,0.8705,0.2814
negsteer+constraints,design_40_seq_1,initial_s2,initial,2.0,0,0.8682,0.8682,0.8682,0.2755
negsteer+constraints,design_40_seq_1,initial_s1,initial,1.0,0,0.8759,0.8759,0.8759,0.2925
negsteer+constraints,design_42_seq_0,initial,initial,0.0,0,0.8405,0.8405,0.8405,0.2664
negsteer+constraints,design_42_seq_0,initial_s2,initial,2.0,0,0.8756,0.8756,0.8756,0.3115
negsteer+constraints,design_42_seq_0,initial_s1,initial,1.0,0,0.8717,0.8717,0.8717,0.3101
negsteer+constraints,design_42_seq_1,initial,initial,0.0,0,0.2118,0.2118,0.2118,0.0109
negsteer+constraints,design_42_seq_1,initial_s1,initial,1.0,0,0.2873,0.2873,0.2873,0.0158
negsteer+constraints,design_42_seq_1,initial_s2,initial,2.0,0,0.2345,0.2345,0.2345,0.0124
negsteer+constraints,design_43_seq_0,initial,initial,0.0,0,0.1344,0.1344,0.1344,0.0078
negsteer+constraints,design_43_seq_0,initial_s1,initial,1.0,0,0.322,0.322,0.322,0.0224
negsteer+constraints,design_43_seq_0,initial_s2,initial,2.0,0,0.1358,0.1358,0.1358,0.0087
negsteer+constraints,design_43_seq_1,initial,initial,0.0,0,0.684,0.684,0.684,0.1025
negsteer+constraints,design_43_seq_1,initial_s1,initial,1.0,0,0.291,0.291,0.291,0.0192
negsteer+constraints,design_43_seq_1,initial_s2,initial,2.0,0,0.1126,0.1126,0.1126,0.0062
negsteer+constraints,design_45_seq_1,initial,initial,0.0,0,0.8165,0.8165,0.8165,0.2202
negsteer+constraints,design_45_seq_1,initial_s2,initial,2.0,0,0.7229,0.7229,0.7229,0.152
negsteer+constraints,design_45_seq_1,initial_s1,initial,1.0,0,0.7781,0.7781,0.7781,0.1897
negsteer+constraints,design_47_seq_0,initial,initial,0.0,0,0.8848,0.8848,0.8848,0.2906
negsteer+constraints,design_47_seq_0,initial_s2,initial,2.0,0,0.8673,0.8673,0.8673,0.2559
negsteer+constraints,design_47_seq_0,initial_s1,initial,1.0,0,0.87,0.87,0.87,0.2676
negsteer+constraints,design_47_seq_1,initial,initial,0.0,0,0.7645,0.7645,0.7645,0.1314
negsteer+constraints,design_47_seq_1,initial_s1,initial,1.0,0,0.757,0.757,0.757,0.1279
negsteer+constraints,design_47_seq_1,initial_s2,initial,2.0,0,0.7438,0.7438,0.7438,0.1165
negsteer+constraints,design_49_seq_0,initial,initial,0.0,0,0.8815,0.8815,0.8815,0.3055
negsteer+constraints,design_49_seq_0,initial_s2,initial,2.0,0,0.8879,0.8879,0.8879,0.3166
negsteer+constraints,design_49_seq_0,initial_s1,initial,1.0,0,0.8835,0.8835,0.8835,0.3104
negsteer+constraints,design_49_seq_1,initial,initial,0.0,0,0.8807,0.8807,0.8807,0.285
negsteer+constraints,design_49_seq_1,initial_s2,initial,2.0,0,0.8873,0.8873,0.8873,0.3011
negsteer+constraints,design_49_seq_1,initial_s1,initial,1.0,0,0.8729,0.8729,0.8729,0.2704
negsteer+constraints,design_51_seq_0,initial,initial,0.0,0,0.7129,0.7129,0.7129,0.1209
negsteer+constraints,design_51_seq_0,initial_s2,initial,2.0,0,0.5499,0.5499,0.5499,0.0551
negsteer+constraints,design_51_seq_0,initial_s1,initial,1.0,0,0.7601,0.7601,0.7601,0.1609
negsteer+constraints,design_51_seq_1,initial,initial,0.0,0,0.2391,0.2391,0.2391,0.0121
negsteer+constraints,design_51_seq_1,initial_s1,initial,1.0,0,0.2202,0.2202,0.2202,0.0109
negsteer+constraints,design_51_seq_1,initial_s2,initial,2.0,0,0.1685,0.1685,0.1685,0.0084
negsteer+constraints,design_52_seq_1,initial,initial,,0,0.4715,0.4715,0.4715,0.0452
negsteer+constraints,design_52_seq_1,design_00_s0,design_00,0.0,3,0.389,0.389,0.3789,0.0284
negsteer+constraints,design_52_seq_1,design_02_s0,design_02,0.0,3,0.5385,0.5385,0.5251,0.0516
negsteer+constraints,design_52_seq_1,design_00_s1,design_00,1.0,3,0.6062,0.6062,0.5972,0.0708
negsteer+constraints,design_52_seq_1,design_02_s1,design_02,1.0,3,0.3426,0.3426,0.3426,0.0269
negsteer+constraints,design_52_seq_1,design_02_s2,design_02,2.0,3,0.1851,0.1851,0.1769,0.0095
negsteer+constraints,design_52_seq_1,design_01_s1,design_01,1.0,3,0.7692,0.7692,0.7634,0.1713
negsteer+constraints,design_52_seq_1,design_01_s0,design_01,0.0,3,0.7145,0.7145,0.703,0.1446
negsteer+constraints,design_52_seq_1,design_01_s2,design_01,2.0,3,0.6906,0.6906,0.6906,0.1457
negsteer+constraints,design_52_seq_1,design_00_s2,design_00,2.0,3,0.6831,0.6831,0.6733,0.0975
negsteer+constraints,design_57_seq_0,initial,initial,,0,0.2145,0.2145,0.2145,0.01
negsteer+constraints,design_57_seq_0,design_01_s1,design_01,1.0,3,0.5347,0.5347,0.5249,0.0532
negsteer+constraints,design_57_seq_0,design_02_s0,design_02,0.0,3,0.6088,0.6088,0.5963,0.0644
negsteer+constraints,design_57_seq_0,design_01_s2,design_01,2.0,3,0.5051,0.5051,0.4953,0.0484
negsteer+constraints,design_57_seq_0,design_01_s0,design_01,0.0,3,0.4653,0.4653,0.4554,0.0395
negsteer+constraints,design_57_seq_0,design_00_s1,design_00,1.0,3,0.7995,0.7995,0.7995,0.2181
negsteer+constraints,design_57_seq_0,design_00_s2,design_00,2.0,3,0.827,0.827,0.8192,0.226
negsteer+constraints,design_57_seq_0,design_00_s0,design_00,0.0,3,0.7832,0.7832,0.7832,0.199
negsteer+constraints,design_57_seq_0,design_02_s1,design_02,1.0,3,0.5212,0.5212,0.5212,0.0541
negsteer+constraints,design_57_seq_0,design_02_s2,design_02,2.0,3,0.2584,0.2584,0.2483,0.0132
negsteer+constraints,design_59_seq_1,initial,initial,0.0,0,0.8155,0.8155,0.8155,0.2384
negsteer+constraints,design_59_seq_1,initial_s1,initial,1.0,0,0.8709,0.8709,0.8709,0.3165
negsteer+constraints,design_59_seq_1,initial_s2,initial,2.0,0,0.8152,0.8152,0.8152,0.2357
negsteer+constraints,design_5_seq_0,initial,initial,0.0,0,0.8261,0.8261,0.8261,0.2399
negsteer+constraints,design_5_seq_0,initial_s2,initial,2.0,0,0.7993,0.7993,0.7993,0.223
negsteer+constraints,design_5_seq_0,initial_s1,initial,1.0,0,0.8103,0.8103,0.8103,0.2244
negsteer+constraints,design_5_seq_1,initial,initial,0.0,0,0.8794,0.8794,0.8794,0.3062
negsteer+constraints,design_5_seq_1,initial_s2,initial,2.0,0,0.869,0.869,0.869,0.2782
negsteer+constraints,design_5_seq_1,initial_s1,initial,1.0,0,0.856,0.856,0.856,0.2605
negsteer+constraints,design_6_seq_0,initial,initial,0.0,0,0.8853,0.8853,0.8853,0.3099
negsteer+constraints,design_6_seq_0,initial_s1,initial,1.0,0,0.8516,0.8516,0.8516,0.2657
negsteer+constraints,design_6_seq_0,initial_s2,initial,2.0,0,0.8686,0.8686,0.8686,0.2904
negsteer+constraints,design_6_seq_1,initial,initial,0.0,0,0.8619,0.8619,0.8619,0.2743
negsteer+constraints,design_6_seq_1,initial_s1,initial,1.0,0,0.8882,0.8882,0.8882,0.3124
negsteer+constraints,design_6_seq_1,initial_s2,initial,2.0,0,0.8701,0.8701,0.8701,0.2852
negsteer+constraints,design_8_seq_0,initial,initial,,0,0.812,0.812,0.812,0.1339
negsteer+constraints,design_8_seq_0,design_00_s0,design_00,0.0,3,0.8264,0.8264,0.8185,0.2379
negsteer+constraints,design_8_seq_0,design_00_s2,design_00,2.0,3,0.8161,0.8161,0.8078,0.2271
negsteer+constraints,design_8_seq_0,design_00_s1,design_00,1.0,3,0.7943,0.7943,0.7943,0.2017
negsteer+constraints,design_8_seq_0,design_02_s0,design_02,0.0,3,0.6135,0.6135,0.5998,0.0861
negsteer+constraints,design_8_seq_0,design_02_s2,design_02,2.0,3,0.6448,0.6448,0.631,0.1048
negsteer+constraints,design_8_seq_0,design_02_s1,design_02,1.0,3,0.589,0.589,0.5755,0.0743
negsteer+constraints,design_8_seq_0,design_01_s1,design_01,1.0,3,0.5181,0.5181,0.5099,0.0692
negsteer+constraints,design_8_seq_0,design_01_s0,design_01,0.0,3,0.6919,0.6919,0.6858,0.128
negsteer+constraints,design_8_seq_0,design_01_s2,design_01,2.0,3,0.4329,0.4329,0.4258,0.0525
